<?xml version = '1.0' encoding = 'UTF-8'?>
<Diagram class="oracle.dbtools.crest.swingui.logical.DPVLogical" name="Logical" id="44E05ED1-523E-0370-1E3C-4E4AC6564D32">
<createdBy>luism</createdBy>
<modifiedBy>luism</modifiedBy>
<createdTime>2025-02-16 17:15:44 UTC</createdTime>
<autoRoute>false</autoRoute>
<boxInbox>true</boxInbox>
<showLegend>false</showLegend>
<showLabels>false</showLabels>
<showRelAttributes>false</showRelAttributes>
<gridEnabled>false</gridEnabled>
<showGrid>false</showGrid>
<diagramColor>-1</diagramColor>
<display>false</display>
<notation>1</notation>
<objectViews>
<OView class="oracle.dbtools.crest.swingui.logical.TVEntity" oid="0EDBED99-B1EC-1A8D-E184-170570701CAF" otype="Entity" vid="229A3320-AAB5-C738-C688-6376F415FFAD">
<hideElementsInCurrentOnly>false</hideElementsInCurrentOnly>
<bounds x="1586" y="1926" width="267" height="76"/>
</OView>
<OView class="oracle.dbtools.crest.swingui.logical.TVEntity" oid="0F2B2F7B-3E55-FCC5-0BDA-78FBF94143A9" otype="Entity" vid="FE04E6A9-1C63-2CEB-C438-D4D2DFBF72E0">
<hideElementsInCurrentOnly>false</hideElementsInCurrentOnly>
<bounds x="2220" y="1197" width="418" height="167"/>
</OView>
<OView class="oracle.dbtools.crest.swingui.logical.TVEntity" oid="0FFF5FDF-9B95-9743-F8FA-F7864F7AFD6C" otype="Entity" vid="08659023-012F-23B7-33C0-E834FDEA2E42">
<hideElementsInCurrentOnly>false</hideElementsInCurrentOnly>
<bounds x="1510" y="2497" width="253" height="70"/>
</OView>
<OView class="oracle.dbtools.crest.swingui.logical.TVEntity" oid="19CD64E0-8343-EBE9-7CBD-3D6998B9DE2C" otype="Entity" vid="E47340AE-6C79-4E01-79BD-2380A582C1D3">
<hideElementsInCurrentOnly>false</hideElementsInCurrentOnly>
<bounds x="3489" y="2559" width="307" height="119"/>
</OView>
<OView class="oracle.dbtools.crest.swingui.logical.TVEntity" oid="20610132-46AB-A5CE-90E2-6BDEC3DBF282" otype="Entity" vid="7BA9ABC3-7F6D-361E-C3A4-B992061CBF6D">
<hideElementsInCurrentOnly>false</hideElementsInCurrentOnly>
<bounds x="3032" y="1471" width="389" height="125"/>
</OView>
<OView class="oracle.dbtools.crest.swingui.logical.TVEntity" oid="262E1592-64F4-F4F9-89AD-C805DEF7AE08" otype="Entity" vid="91838373-E8EA-AB61-C4B0-0FA1214BC372">
<hideElementsInCurrentOnly>false</hideElementsInCurrentOnly>
<bounds x="1677" y="757" width="293" height="81"/>
</OView>
<OView class="oracle.dbtools.crest.swingui.logical.TVEntity" oid="2F01A334-44E1-04C5-908F-DB37E16F27DD" otype="Entity" vid="68F63C43-2D76-466A-2C00-479428149788">
<hideElementsInCurrentOnly>false</hideElementsInCurrentOnly>
<bounds x="1593" y="1040" width="420" height="174"/>
</OView>
<OView class="oracle.dbtools.crest.swingui.logical.TVEntity" oid="34E4DF47-F486-5EAB-DCC5-ADC4F123AB60" otype="Entity" vid="A28B7DE6-C90E-ED72-760B-E959C042E950">
<hideElementsInCurrentOnly>false</hideElementsInCurrentOnly>
<bounds x="1905" y="2345" width="237" height="68"/>
</OView>
<OView class="oracle.dbtools.crest.swingui.logical.TVEntity" oid="382D82E6-CF26-E13D-62AB-AB1F9CB5BF9E" otype="Entity" vid="D68D7C3D-58EC-E747-86C9-D96A01D2D79E">
<hideElementsInCurrentOnly>false</hideElementsInCurrentOnly>
<bounds x="3048" y="3146" width="236" height="83"/>
</OView>
<OView class="oracle.dbtools.crest.swingui.logical.TVEntity" oid="396F0468-3CE7-D7F4-6D74-4F04E2E37BBF" otype="Entity" vid="4CD51100-64EE-6E23-AD31-C0496EDE7B8C">
<hideElementsInCurrentOnly>false</hideElementsInCurrentOnly>
<bounds x="1166" y="857" width="211" height="115"/>
</OView>
<OView class="oracle.dbtools.crest.swingui.logical.TVEntity" oid="3B8ACA34-3B33-5E62-A422-B35A0AB668CB" otype="Entity" vid="66DE7120-EE98-21EC-6F6B-7455524BEC3C">
<hideElementsInCurrentOnly>false</hideElementsInCurrentOnly>
<bounds x="2234" y="1513" width="347" height="99"/>
</OView>
<OView class="oracle.dbtools.crest.swingui.logical.TVEntity" oid="42972D61-D90D-0DBB-A85E-64CEA1487E92" otype="Entity" vid="D5265A49-7DE9-D831-C7DF-4994B4BC3557">
<hideElementsInCurrentOnly>false</hideElementsInCurrentOnly>
<bounds x="3036" y="2634" width="272" height="136"/>
</OView>
<OView class="oracle.dbtools.crest.swingui.logical.TVEntity" oid="46589AB7-6D26-3213-970D-B5146A332363" otype="Entity" vid="5323DB50-F3B4-7FCB-BA6C-33A87AA1BD6B">
<hideElementsInCurrentOnly>false</hideElementsInCurrentOnly>
<bounds x="3653" y="1235" width="253" height="127"/>
</OView>
<OView class="oracle.dbtools.crest.swingui.logical.TVEntity" oid="4E42B227-AF40-3A3D-125D-9FA4B87C5664" otype="Entity" vid="B2F34FD1-46D1-1F6A-BDCE-8A8D66185260">
<hideElementsInCurrentOnly>false</hideElementsInCurrentOnly>
<bounds x="1083" y="1340" width="415" height="158"/>
</OView>
<OView class="oracle.dbtools.crest.swingui.logical.TVEntity" oid="64359EF7-B999-CB62-5110-BA39331A3ADD" otype="Entity" vid="1717077C-3E67-1144-32B1-446FB22F036B">
<hideElementsInCurrentOnly>false</hideElementsInCurrentOnly>
<bounds x="2218" y="1673" width="362" height="359"/>
</OView>
<OView class="oracle.dbtools.crest.swingui.logical.TVEntity" oid="66D85866-2A68-14BA-26DF-AED3469B7334" otype="Entity" vid="4522A7FB-2E4D-AA67-8B9B-6DFEC03AE4A2">
<hideElementsInCurrentOnly>false</hideElementsInCurrentOnly>
<bounds x="1044" y="1079" width="378" height="130"/>
</OView>
<OView class="oracle.dbtools.crest.swingui.logical.TVEntity" oid="6886F1C2-9695-ED1C-F460-0A4C83C87E3E" otype="Entity" vid="38B617E7-8E1C-01CA-DF9C-D4447528E275">
<hideElementsInCurrentOnly>false</hideElementsInCurrentOnly>
<bounds x="2632" y="2647" width="221" height="82"/>
</OView>
<OView class="oracle.dbtools.crest.swingui.logical.TVEntity" oid="767A2033-4E25-4FC6-339C-E60057E788B4" otype="Entity" vid="99204B1E-066E-5A0C-6F12-2211B2969301">
<hideElementsInCurrentOnly>false</hideElementsInCurrentOnly>
<bounds x="2263" y="2589" width="308" height="89"/>
</OView>
<OView class="oracle.dbtools.crest.swingui.logical.TVEntity" oid="785925AC-81FA-BF90-ED19-298FEF3694B8" otype="Entity" vid="D06DBAF6-3571-C5B5-90F3-21FDE89A40CE">
<hideElementsInCurrentOnly>false</hideElementsInCurrentOnly>
<bounds x="3036" y="1795" width="405" height="146"/>
</OView>
<OView class="oracle.dbtools.crest.swingui.logical.TVEntity" oid="7BC613D5-0907-EDD4-AD48-70CFFA9B6961" otype="Entity" vid="AEEB500F-746B-EE53-F84E-5D1DD4C6FBA8">
<hideElementsInCurrentOnly>false</hideElementsInCurrentOnly>
<bounds x="2677" y="1808" width="254" height="93"/>
</OView>
<OView class="oracle.dbtools.crest.swingui.logical.TVEntity" oid="7C75FF19-0F92-65FD-4DCF-93050FB54A07" otype="Entity" vid="66270F29-2395-4DF7-10A5-9CFD7677996A">
<hideElementsInCurrentOnly>false</hideElementsInCurrentOnly>
<bounds x="3051" y="548" width="207" height="51"/>
</OView>
<OView class="oracle.dbtools.crest.swingui.logical.TVEntity" oid="8D2FB1EC-3F0C-77E5-3371-309128A9107B" otype="Entity" vid="FD76246D-24E5-7367-CB0D-872E7AABC32D">
<hideElementsInCurrentOnly>false</hideElementsInCurrentOnly>
<bounds x="3512" y="2726" width="275" height="105"/>
</OView>
<OView class="oracle.dbtools.crest.swingui.logical.TVEntity" oid="95EB58E9-0587-B5E2-83D4-039C65208FFE" otype="Entity" vid="4F0F28C8-867C-A389-AD0B-6906E645A57A">
<hideElementsInCurrentOnly>false</hideElementsInCurrentOnly>
<bounds x="1581" y="2093" width="272" height="89"/>
</OView>
<OView class="oracle.dbtools.crest.swingui.logical.TVEntity" oid="9FA071E3-143B-3265-DE32-A54EC1F1D5FE" otype="Entity" vid="0C357718-0EE1-1CE1-3D04-29B22A4439FA">
<hideElementsInCurrentOnly>false</hideElementsInCurrentOnly>
<bounds x="1950" y="2091" width="203" height="112"/>
</OView>
<OView class="oracle.dbtools.crest.swingui.logical.TVEntity" oid="B6C8F109-6006-716D-FA91-F271F1502521" otype="Entity" vid="8F17AC20-CD60-76A4-B15D-F10C66663FEC">
<hideElementsInCurrentOnly>false</hideElementsInCurrentOnly>
<bounds x="3000" y="1653" width="473" height="102"/>
</OView>
<OView class="oracle.dbtools.crest.swingui.logical.TVEntity" oid="B859C678-3E75-FE01-15EA-2F89D5F79E46" otype="Entity" vid="351E15D7-BA80-5CF5-ADDC-DBFCAC1B8CBF">
<hideElementsInCurrentOnly>false</hideElementsInCurrentOnly>
<bounds x="2264" y="2319" width="303" height="235"/>
</OView>
<OView class="oracle.dbtools.crest.swingui.logical.TVEntity" oid="BC8AE477-BB14-0BBA-69AE-FA0DF15F219D" otype="Entity" vid="4F2BF486-BE80-DC97-F1CA-150CE01D8BB1">
<hideElementsInCurrentOnly>false</hideElementsInCurrentOnly>
<bounds x="1618" y="2335" width="171" height="93"/>
</OView>
<OView class="oracle.dbtools.crest.swingui.logical.TVEntity" oid="C14EF390-F82E-4299-A4CD-045D801F4591" otype="Entity" vid="41B036E3-7107-777C-C7E4-E85AE0FCD1E2">
<hideElementsInCurrentOnly>false</hideElementsInCurrentOnly>
<bounds x="2946" y="2932" width="373" height="99"/>
</OView>
<OView class="oracle.dbtools.crest.swingui.logical.TVEntity" oid="C994ADBA-451A-B407-39E8-6C854D63FF50" otype="Entity" vid="2CA06908-17AF-095D-8D5B-84E073AC48AE">
<hideElementsInCurrentOnly>false</hideElementsInCurrentOnly>
<bounds x="1838" y="2496" width="330" height="88"/>
</OView>
<OView class="oracle.dbtools.crest.swingui.logical.TVEntity" oid="D1D754A8-EC75-A1FE-A546-B279D5A69E97" otype="Entity" vid="28F832C8-078B-1913-0295-7727A9B95345">
<hideElementsInCurrentOnly>false</hideElementsInCurrentOnly>
<bounds x="2258" y="2732" width="312" height="120"/>
</OView>
<OView class="oracle.dbtools.crest.swingui.logical.TVEntity" oid="D4B4DACD-2A1C-53B2-2DFE-6F8802D2F795" otype="Entity" vid="4878D603-656A-264C-3811-0F5C7046AFB0">
<hideElementsInCurrentOnly>false</hideElementsInCurrentOnly>
<bounds x="1581" y="1777" width="272" height="113"/>
</OView>
<OView class="oracle.dbtools.crest.swingui.logical.TVEntity" oid="D8D5A580-83A3-F4DF-DA97-C4C7B72007A7" otype="Entity" vid="6AAD2D7A-C13C-CF90-C6F6-A64C57607A11">
<hideElementsInCurrentOnly>false</hideElementsInCurrentOnly>
<bounds x="2245" y="2068" width="303" height="167"/>
</OView>
<OView class="oracle.dbtools.crest.swingui.logical.TVEntity" oid="DEBAF585-D2B7-F132-632B-C77E2C3FBB47" otype="Entity" vid="ECE1B844-744D-1FE0-5699-EE1F0290F97B">
<hideElementsInCurrentOnly>false</hideElementsInCurrentOnly>
<bounds x="3421" y="2283" width="546" height="203"/>
</OView>
<OView class="oracle.dbtools.crest.swingui.logical.TVEntity" oid="E304315D-9858-96F8-6B1D-B88D87F0C240" otype="Entity" vid="F4BDCDC4-09E5-2DE0-BF63-2C33F318612E">
<hideElementsInCurrentOnly>false</hideElementsInCurrentOnly>
<bounds x="3592" y="1453" width="370" height="203"/>
</OView>
<OView class="oracle.dbtools.crest.swingui.logical.TVEntity" oid="EDB60350-6A7D-1D71-824C-9093EAB2A852" otype="Entity" vid="7C8D1BE6-A2EC-6BE1-0233-5902F9109535">
<hideElementsInCurrentOnly>false</hideElementsInCurrentOnly>
<bounds x="1599" y="1629" width="179" height="71"/>
</OView>
<OView class="oracle.dbtools.crest.swingui.logical.TVEntity" oid="FEFCE380-1D10-D200-0FB7-D4B65AA5032F" otype="Entity" vid="6C4EE212-332D-753E-C0FD-9DCC2B937AFD">
<hideElementsInCurrentOnly>false</hideElementsInCurrentOnly>
<bounds x="2768" y="532" width="211" height="87"/>
</OView>
</objectViews>
<connectors>
<Connector class="oracle.dbtools.crest.swingui.logical.TVRelation" oid="018024BA-9218-9CD0-854E-84331DDC7E3B" otype="Relation" vid_source="68F63C43-2D76-466A-2C00-479428149788" vid_target="4522A7FB-2E4D-AA67-8B9B-6DFEC03AE4A2">
<hideElementsInCurrentOnly>false</hideElementsInCurrentOnly>
<backgroundColor>-16777216</backgroundColor>
<lineWidth>1</lineWidth>
<points>
<point x="1593" y="1144"/>
<point x="1422" y="1144"/>
</points>
</Connector>
<Connector class="oracle.dbtools.crest.swingui.logical.TVRelation" oid="05138633-0C92-B206-9502-5B5DEEB9F6C6" otype="Relation" vid_source="6C4EE212-332D-753E-C0FD-9DCC2B937AFD" vid_target="FE04E6A9-1C63-2CEB-C438-D4D2DFBF72E0">
<hideElementsInCurrentOnly>false</hideElementsInCurrentOnly>
<backgroundColor>-16777216</backgroundColor>
<lineWidth>1</lineWidth>
<points>
<point x="2846" y="619"/>
<point x="2466" y="1197"/>
</points>
</Connector>
<Connector class="oracle.dbtools.crest.swingui.logical.TVRelation" oid="07F32556-83F5-0000-7054-58105295D07D" otype="Relation" vid_source="91838373-E8EA-AB61-C4B0-0FA1214BC372" vid_target="68F63C43-2D76-466A-2C00-479428149788">
<hideElementsInCurrentOnly>false</hideElementsInCurrentOnly>
<backgroundColor>-16777216</backgroundColor>
<lineWidth>1</lineWidth>
<points>
<point x="1823" y="838"/>
<point x="1823" y="1040"/>
</points>
</Connector>
<Connector class="oracle.dbtools.crest.swingui.logical.TVRelation" oid="0C6BBC7E-F6EA-F230-24DE-F866D04C949E" otype="Relation" vid_source="6AAD2D7A-C13C-CF90-C6F6-A64C57607A11" vid_target="351E15D7-BA80-5CF5-ADDC-DBFCAC1B8CBF">
<hideElementsInCurrentOnly>false</hideElementsInCurrentOnly>
<backgroundColor>-16777216</backgroundColor>
<lineWidth>1</lineWidth>
<points>
<point x="2421" y="2235"/>
<point x="2421" y="2319"/>
</points>
</Connector>
<Connector class="oracle.dbtools.crest.swingui.logical.TVRelation" oid="0F1DADC3-1BCA-B703-E3CC-C8D175F4C02B" otype="Relation" vid_source="6AAD2D7A-C13C-CF90-C6F6-A64C57607A11" vid_target="1717077C-3E67-1144-32B1-446FB22F036B">
<hideElementsInCurrentOnly>false</hideElementsInCurrentOnly>
<backgroundColor>-16777216</backgroundColor>
<lineWidth>1</lineWidth>
<points>
<point x="2411" y="2068"/>
<point x="2411" y="2032"/>
</points>
</Connector>
<Connector class="oracle.dbtools.crest.swingui.logical.TVRelation" oid="12E92507-869F-399E-C38D-4A99EBF7D6FB" otype="Relation" vid_source="E47340AE-6C79-4E01-79BD-2380A582C1D3" vid_target="ECE1B844-744D-1FE0-5699-EE1F0290F97B">
<hideElementsInCurrentOnly>false</hideElementsInCurrentOnly>
<backgroundColor>-16777216</backgroundColor>
<lineWidth>1</lineWidth>
<points>
<point x="3642" y="2559"/>
<point x="3642" y="2486"/>
</points>
</Connector>
<Connector class="oracle.dbtools.crest.swingui.logical.TVRelation" oid="156CD3EE-56A4-1371-0190-F97C391D10A2" otype="Relation" vid_source="7C8D1BE6-A2EC-6BE1-0233-5902F9109535" vid_target="1717077C-3E67-1144-32B1-446FB22F036B">
<hideElementsInCurrentOnly>false</hideElementsInCurrentOnly>
<backgroundColor>-16777216</backgroundColor>
<lineWidth>1</lineWidth>
<points>
<point x="1778" y="1686"/>
<point x="2218" y="1686"/>
</points>
</Connector>
<Connector class="oracle.dbtools.crest.swingui.logical.TVRelation" oid="1611144D-B7AD-9026-347A-54D63AAEDC66" otype="Relation" vid_source="28F832C8-078B-1913-0295-7727A9B95345" vid_target="99204B1E-066E-5A0C-6F12-2211B2969301">
<hideElementsInCurrentOnly>false</hideElementsInCurrentOnly>
<backgroundColor>-16777216</backgroundColor>
<lineWidth>1</lineWidth>
<points>
<point x="2431" y="2732"/>
<point x="2431" y="2678"/>
</points>
</Connector>
<Connector class="oracle.dbtools.crest.swingui.logical.TVRelation" oid="22ED4891-869C-C375-FD03-9F64C9B2509F" otype="Relation" vid_source="FD76246D-24E5-7367-CB0D-872E7AABC32D" vid_target="41B036E3-7107-777C-C7E4-E85AE0FCD1E2">
<hideElementsInCurrentOnly>false</hideElementsInCurrentOnly>
<backgroundColor>-16777216</backgroundColor>
<lineWidth>1</lineWidth>
<points>
<point x="3515" y="2831"/>
<point x="3243" y="2932"/>
</points>
</Connector>
<Connector class="oracle.dbtools.crest.swingui.logical.TVRelation" oid="305265AE-435A-F5F2-6B68-E5120660653E" otype="Relation" vid_source="FD76246D-24E5-7367-CB0D-872E7AABC32D" vid_target="E47340AE-6C79-4E01-79BD-2380A582C1D3">
<hideElementsInCurrentOnly>false</hideElementsInCurrentOnly>
<backgroundColor>-16777216</backgroundColor>
<lineWidth>1</lineWidth>
<points>
<point x="3649" y="2726"/>
<point x="3649" y="2678"/>
</points>
</Connector>
<Connector class="oracle.dbtools.crest.swingui.logical.TVRelation" oid="36129B26-9FC0-4F30-6EFC-8341761F001C" otype="Relation" vid_source="4CD51100-64EE-6E23-AD31-C0496EDE7B8C" vid_target="4522A7FB-2E4D-AA67-8B9B-6DFEC03AE4A2">
<hideElementsInCurrentOnly>false</hideElementsInCurrentOnly>
<backgroundColor>-16777216</backgroundColor>
<lineWidth>1</lineWidth>
<points>
<point x="1271" y="972"/>
<point x="1271" y="1079"/>
</points>
</Connector>
<Connector class="oracle.dbtools.crest.swingui.logical.TVRelation" oid="3979E803-AFA1-F50E-CA18-B13E929528A2" otype="Relation" vid_source="1717077C-3E67-1144-32B1-446FB22F036B" vid_target="68F63C43-2D76-466A-2C00-479428149788">
<hideElementsInCurrentOnly>false</hideElementsInCurrentOnly>
<backgroundColor>-16777216</backgroundColor>
<lineWidth>1</lineWidth>
<points>
<point x="2251" y="1673"/>
<point x="1859" y="1214"/>
</points>
</Connector>
<Connector class="oracle.dbtools.crest.swingui.logical.TVRelation" oid="425E81C6-794E-99E4-7BD1-2042D80C09AD" otype="Relation" vid_source="66270F29-2395-4DF7-10A5-9CFD7677996A" vid_target="FE04E6A9-1C63-2CEB-C438-D4D2DFBF72E0">
<hideElementsInCurrentOnly>false</hideElementsInCurrentOnly>
<backgroundColor>-16777216</backgroundColor>
<lineWidth>1</lineWidth>
<points>
<point x="3128" y="599"/>
<point x="2499" y="1197"/>
</points>
</Connector>
<Connector class="oracle.dbtools.crest.swingui.logical.TVRelation" oid="4290791B-4C47-862B-4587-90C54E054442" otype="Relation" vid_source="66270F29-2395-4DF7-10A5-9CFD7677996A" vid_target="1717077C-3E67-1144-32B1-446FB22F036B">
<hideElementsInCurrentOnly>false</hideElementsInCurrentOnly>
<backgroundColor>-16777216</backgroundColor>
<lineWidth>1</lineWidth>
<points>
<point x="3139" y="599"/>
<point x="2490" y="1673"/>
</points>
</Connector>
<Connector class="oracle.dbtools.crest.swingui.logical.TVRelation" oid="44D4E11F-7DD2-C830-F9BD-9C8C71F4A9EE" otype="Relation" vid_source="B2F34FD1-46D1-1F6A-BDCE-8A8D66185260" vid_target="4522A7FB-2E4D-AA67-8B9B-6DFEC03AE4A2">
<hideElementsInCurrentOnly>false</hideElementsInCurrentOnly>
<backgroundColor>-16777216</backgroundColor>
<lineWidth>1</lineWidth>
<points>
<point x="1252" y="1340"/>
<point x="1252" y="1209"/>
</points>
</Connector>
<Connector class="oracle.dbtools.crest.swingui.logical.TVRelation" oid="54B0AE1B-3F58-BB7C-037C-0E39E4453037" otype="Relation" vid_source="7BA9ABC3-7F6D-361E-C3A4-B992061CBF6D" vid_target="8F17AC20-CD60-76A4-B15D-F10C66663FEC">
<hideElementsInCurrentOnly>false</hideElementsInCurrentOnly>
<backgroundColor>-16777216</backgroundColor>
<lineWidth>1</lineWidth>
<points>
<point x="3241" y="1596"/>
<point x="3241" y="1653"/>
</points>
</Connector>
<Connector class="oracle.dbtools.crest.swingui.logical.TVRelation" oid="55E4D019-6A2B-5BA0-1FF0-AEC61FCF9B0D" otype="Relation" vid_source="1717077C-3E67-1144-32B1-446FB22F036B" vid_target="66DE7120-EE98-21EC-6F6B-7455524BEC3C">
<hideElementsInCurrentOnly>false</hideElementsInCurrentOnly>
<backgroundColor>-16777216</backgroundColor>
<lineWidth>1</lineWidth>
<points>
<point x="2407" y="1673"/>
<point x="2407" y="1612"/>
</points>
</Connector>
<Connector class="oracle.dbtools.crest.swingui.logical.TVRelation" oid="598799CA-1D10-6531-759B-8EA518731ECB" otype="Relation" vid_source="08659023-012F-23B7-33C0-E834FDEA2E42" vid_target="2CA06908-17AF-095D-8D5B-84E073AC48AE">
<hideElementsInCurrentOnly>false</hideElementsInCurrentOnly>
<backgroundColor>-16777216</backgroundColor>
<lineWidth>1</lineWidth>
<points>
<point x="1763" y="2532"/>
<point x="1838" y="2532"/>
</points>
</Connector>
<Connector class="oracle.dbtools.crest.swingui.logical.TVRelation" oid="5B4936DD-7941-F7D5-CACE-541A4C0E60AF" otype="Relation" vid_source="D06DBAF6-3571-C5B5-90F3-21FDE89A40CE" vid_target="8F17AC20-CD60-76A4-B15D-F10C66663FEC">
<hideElementsInCurrentOnly>false</hideElementsInCurrentOnly>
<backgroundColor>-16777216</backgroundColor>
<lineWidth>1</lineWidth>
<points>
<point x="3238" y="1795"/>
<point x="3238" y="1755"/>
</points>
</Connector>
<Connector class="oracle.dbtools.crest.swingui.logical.TVRelation" oid="5D24988C-51EF-03E4-9E3D-3EDD7A5BEBB5" otype="Relation" vid_source="351E15D7-BA80-5CF5-ADDC-DBFCAC1B8CBF" vid_target="38B617E7-8E1C-01CA-DF9C-D4447528E275">
<hideElementsInCurrentOnly>false</hideElementsInCurrentOnly>
<backgroundColor>-16777216</backgroundColor>
<lineWidth>1</lineWidth>
<points>
<point x="2567" y="2553"/>
<point x="2704" y="2647"/>
</points>
</Connector>
<Connector class="oracle.dbtools.crest.swingui.logical.TVRelation" oid="6262FC4C-A97C-5CB6-0965-FD80068B257B" otype="Relation" vid_source="351E15D7-BA80-5CF5-ADDC-DBFCAC1B8CBF" vid_target="99204B1E-066E-5A0C-6F12-2211B2969301">
<hideElementsInCurrentOnly>false</hideElementsInCurrentOnly>
<backgroundColor>-16777216</backgroundColor>
<lineWidth>1</lineWidth>
<points>
<point x="2430" y="2554"/>
<point x="2430" y="2589"/>
</points>
</Connector>
<Connector class="oracle.dbtools.crest.swingui.logical.TVRelation" oid="62934E1E-3BC8-2DA7-F0BC-3A211CF6CE89" otype="Relation" vid_source="351E15D7-BA80-5CF5-ADDC-DBFCAC1B8CBF" vid_target="ECE1B844-744D-1FE0-5699-EE1F0290F97B">
<hideElementsInCurrentOnly>false</hideElementsInCurrentOnly>
<backgroundColor>-16777216</backgroundColor>
<lineWidth>1</lineWidth>
<points>
<point x="2567" y="2402"/>
<point x="3421" y="2402"/>
</points>
</Connector>
<Connector class="oracle.dbtools.crest.swingui.logical.TVRelation" oid="657BF544-B944-7A46-96AF-70FF725825DD" otype="Relation" vid_source="FE04E6A9-1C63-2CEB-C438-D4D2DFBF72E0" vid_target="66DE7120-EE98-21EC-6F6B-7455524BEC3C">
<hideElementsInCurrentOnly>false</hideElementsInCurrentOnly>
<backgroundColor>-16777216</backgroundColor>
<lineWidth>1</lineWidth>
<points>
<point x="2422" y="1364"/>
<point x="2422" y="1513"/>
</points>
</Connector>
<Connector class="oracle.dbtools.crest.swingui.logical.TVRelation" oid="68D2CB86-C998-D022-8251-0A6AC8C8F6DA" otype="Relation" vid_source="D06DBAF6-3571-C5B5-90F3-21FDE89A40CE" vid_target="AEEB500F-746B-EE53-F84E-5D1DD4C6FBA8">
<hideElementsInCurrentOnly>false</hideElementsInCurrentOnly>
<backgroundColor>-16777216</backgroundColor>
<lineWidth>1</lineWidth>
<points>
<point x="3036" y="1854"/>
<point x="2931" y="1854"/>
</points>
</Connector>
<Connector class="oracle.dbtools.crest.swingui.logical.TVRelation" oid="7239AB08-C768-DECD-0E27-6CD177DECA20" otype="Relation" vid_source="7BA9ABC3-7F6D-361E-C3A4-B992061CBF6D" vid_target="F4BDCDC4-09E5-2DE0-BF63-2C33F318612E">
<hideElementsInCurrentOnly>false</hideElementsInCurrentOnly>
<backgroundColor>-16777216</backgroundColor>
<lineWidth>1</lineWidth>
<points>
<point x="3421" y="1533"/>
<point x="3592" y="1533"/>
</points>
</Connector>
<Connector class="oracle.dbtools.crest.swingui.logical.TVRelation" oid="739631E6-9CC4-2BD1-7374-8865A1E8DD28" otype="Relation" vid_source="4F2BF486-BE80-DC97-F1CA-150CE01D8BB1" vid_target="A28B7DE6-C90E-ED72-760B-E959C042E950">
<hideElementsInCurrentOnly>false</hideElementsInCurrentOnly>
<backgroundColor>-16777216</backgroundColor>
<lineWidth>1</lineWidth>
<points>
<point x="1789" y="2394"/>
<point x="1905" y="2394"/>
</points>
</Connector>
<Connector class="oracle.dbtools.crest.swingui.logical.TVRelation" oid="84B03576-1C75-946E-AD9D-784A261C3453" otype="Relation" vid_source="6AAD2D7A-C13C-CF90-C6F6-A64C57607A11" vid_target="0C357718-0EE1-1CE1-3D04-29B22A4439FA">
<hideElementsInCurrentOnly>false</hideElementsInCurrentOnly>
<backgroundColor>-16777216</backgroundColor>
<lineWidth>1</lineWidth>
<points>
<point x="2245" y="2147"/>
<point x="2153" y="2147"/>
</points>
</Connector>
<Connector class="oracle.dbtools.crest.swingui.logical.TVRelation" oid="8E66C12E-F25A-4691-FA4F-DEE6BD794365" otype="Relation" vid_source="4878D603-656A-264C-3811-0F5C7046AFB0" vid_target="1717077C-3E67-1144-32B1-446FB22F036B">
<hideElementsInCurrentOnly>false</hideElementsInCurrentOnly>
<backgroundColor>-16777216</backgroundColor>
<lineWidth>1</lineWidth>
<points>
<point x="1853" y="1833"/>
<point x="2218" y="1833"/>
</points>
</Connector>
<Connector class="oracle.dbtools.crest.swingui.logical.TVRelation" oid="9C5895E7-FE5E-A6E5-CFB9-4A3C7EF67AF7" otype="Relation" vid_source="1717077C-3E67-1144-32B1-446FB22F036B" vid_target="AEEB500F-746B-EE53-F84E-5D1DD4C6FBA8">
<hideElementsInCurrentOnly>false</hideElementsInCurrentOnly>
<backgroundColor>-16777216</backgroundColor>
<lineWidth>1</lineWidth>
<points>
<point x="2580" y="1854"/>
<point x="2677" y="1854"/>
</points>
</Connector>
<Connector class="oracle.dbtools.crest.swingui.logical.TVRelation" oid="A0769C22-E2B0-9551-AE4B-D49F83351098" otype="Relation" vid_source="6C4EE212-332D-753E-C0FD-9DCC2B937AFD" vid_target="1717077C-3E67-1144-32B1-446FB22F036B">
<hideElementsInCurrentOnly>false</hideElementsInCurrentOnly>
<backgroundColor>-16777216</backgroundColor>
<lineWidth>1</lineWidth>
<points>
<point x="2857" y="619"/>
<point x="2450" y="1673"/>
</points>
</Connector>
<Connector class="oracle.dbtools.crest.swingui.logical.TVRelation" oid="B5FE4134-17C6-2C88-A45B-F5F8CC464505" otype="Relation" vid_source="66270F29-2395-4DF7-10A5-9CFD7677996A" vid_target="351E15D7-BA80-5CF5-ADDC-DBFCAC1B8CBF">
<hideElementsInCurrentOnly>false</hideElementsInCurrentOnly>
<backgroundColor>-16777216</backgroundColor>
<lineWidth>1</lineWidth>
<points>
<point x="3144" y="599"/>
<point x="2417" y="2319"/>
</points>
</Connector>
<Connector class="oracle.dbtools.crest.swingui.logical.TVRelation" oid="BC45EA61-2636-8664-505B-553705D3875D" otype="Relation" vid_source="1717077C-3E67-1144-32B1-446FB22F036B" vid_target="ECE1B844-744D-1FE0-5699-EE1F0290F97B">
<hideElementsInCurrentOnly>false</hideElementsInCurrentOnly>
<backgroundColor>-16777216</backgroundColor>
<lineWidth>1</lineWidth>
<points>
<point x="2580" y="1926"/>
<point x="3461" y="2283"/>
</points>
</Connector>
<Connector class="oracle.dbtools.crest.swingui.logical.TVRelation" oid="BF3F9835-E63B-EFF6-0619-D65379005224" otype="Relation" vid_source="351E15D7-BA80-5CF5-ADDC-DBFCAC1B8CBF" vid_target="2CA06908-17AF-095D-8D5B-84E073AC48AE">
<hideElementsInCurrentOnly>false</hideElementsInCurrentOnly>
<backgroundColor>-16777216</backgroundColor>
<lineWidth>1</lineWidth>
<points>
<point x="2264" y="2525"/>
<point x="2168" y="2525"/>
</points>
</Connector>
<Connector class="oracle.dbtools.crest.swingui.logical.TVRelation" oid="CA31D48D-E0C3-7854-6B9B-F0D44CA883F0" otype="Relation" vid_source="351E15D7-BA80-5CF5-ADDC-DBFCAC1B8CBF" vid_target="D06DBAF6-3571-C5B5-90F3-21FDE89A40CE">
<hideElementsInCurrentOnly>false</hideElementsInCurrentOnly>
<backgroundColor>-16777216</backgroundColor>
<lineWidth>1</lineWidth>
<points>
<point x="2567" y="2331"/>
<point x="3147" y="1941"/>
</points>
</Connector>
<Connector class="oracle.dbtools.crest.swingui.logical.TVRelation" oid="D106CDE8-A0CD-DDCC-080D-8A57AFC171C0" otype="Relation" vid_source="5323DB50-F3B4-7FCB-BA6C-33A87AA1BD6B" vid_target="F4BDCDC4-09E5-2DE0-BF63-2C33F318612E">
<hideElementsInCurrentOnly>false</hideElementsInCurrentOnly>
<backgroundColor>-16777216</backgroundColor>
<lineWidth>1</lineWidth>
<points>
<point x="3794" y="1362"/>
<point x="3794" y="1453"/>
</points>
</Connector>
<Connector class="oracle.dbtools.crest.swingui.logical.TVRelation" oid="D1C2659D-6FF2-E11D-D2C3-305B3253F60A" otype="Relation" vid_source="41B036E3-7107-777C-C7E4-E85AE0FCD1E2" vid_target="38B617E7-8E1C-01CA-DF9C-D4447528E275">
<hideElementsInCurrentOnly>false</hideElementsInCurrentOnly>
<backgroundColor>-16777216</backgroundColor>
<lineWidth>1</lineWidth>
<points>
<point x="3066" y="2932"/>
<point x="2781" y="2729"/>
</points>
</Connector>
<Connector class="oracle.dbtools.crest.swingui.logical.TVRelation" oid="D3AFF194-E792-2983-2E5B-7DD9C3102642" otype="Relation" vid_source="351E15D7-BA80-5CF5-ADDC-DBFCAC1B8CBF" vid_target="A28B7DE6-C90E-ED72-760B-E959C042E950">
<hideElementsInCurrentOnly>false</hideElementsInCurrentOnly>
<backgroundColor>-16777216</backgroundColor>
<lineWidth>1</lineWidth>
<points>
<point x="2264" y="2394"/>
<point x="2142" y="2394"/>
</points>
</Connector>
<Connector class="oracle.dbtools.crest.swingui.logical.TVRelation" oid="DE12D2E1-5432-4E46-1C9D-2F8900BEBF49" otype="Relation" vid_source="D68D7C3D-58EC-E747-86C9-D96A01D2D79E" vid_target="41B036E3-7107-777C-C7E4-E85AE0FCD1E2">
<hideElementsInCurrentOnly>false</hideElementsInCurrentOnly>
<backgroundColor>-16777216</backgroundColor>
<lineWidth>1</lineWidth>
<points>
<point x="3166" y="3146"/>
<point x="3166" y="3031"/>
</points>
</Connector>
<Connector class="oracle.dbtools.crest.swingui.logical.TVRelation" oid="DF2F6830-AE6C-3097-069A-A9CA6ADB78B7" otype="Relation" vid_source="229A3320-AAB5-C738-C688-6376F415FFAD" vid_target="1717077C-3E67-1144-32B1-446FB22F036B">
<hideElementsInCurrentOnly>false</hideElementsInCurrentOnly>
<backgroundColor>-16777216</backgroundColor>
<lineWidth>1</lineWidth>
<points>
<point x="1853" y="1964"/>
<point x="2218" y="1964"/>
</points>
</Connector>
<Connector class="oracle.dbtools.crest.swingui.logical.TVRelation" oid="E1E8A42C-E1F3-5878-6BF3-402B8503BFC8" otype="Relation" vid_source="D5265A49-7DE9-D831-C7DF-4994B4BC3557" vid_target="ECE1B844-744D-1FE0-5699-EE1F0290F97B">
<hideElementsInCurrentOnly>false</hideElementsInCurrentOnly>
<backgroundColor>-16777216</backgroundColor>
<lineWidth>1</lineWidth>
<points>
<point x="3283" y="2634"/>
<point x="3542" y="2486"/>
</points>
</Connector>
<Connector class="oracle.dbtools.crest.swingui.logical.TVRelation" oid="E873CEA5-D06B-B471-B023-A1DB1300C2C3" otype="Relation" vid_source="4F0F28C8-867C-A389-AD0B-6906E645A57A" vid_target="0C357718-0EE1-1CE1-3D04-29B22A4439FA">
<hideElementsInCurrentOnly>false</hideElementsInCurrentOnly>
<backgroundColor>-16777216</backgroundColor>
<lineWidth>1</lineWidth>
<points>
<point x="1853" y="2137"/>
<point x="1950" y="2137"/>
</points>
</Connector>
<Connector class="oracle.dbtools.crest.swingui.logical.TVRelation" oid="EBC26398-ECB5-33CB-C9A3-108EBFD12F0C" otype="Relation" vid_source="6C4EE212-332D-753E-C0FD-9DCC2B937AFD" vid_target="351E15D7-BA80-5CF5-ADDC-DBFCAC1B8CBF">
<hideElementsInCurrentOnly>false</hideElementsInCurrentOnly>
<backgroundColor>-16777216</backgroundColor>
<lineWidth>1</lineWidth>
<points>
<point x="2862" y="619"/>
<point x="2429" y="2319"/>
</points>
</Connector>
<Connector class="oracle.dbtools.crest.swingui.logical.TVRelation" oid="ECD45EC7-EC43-B750-ED4C-4EE268752E4D" otype="Relation" vid_source="1717077C-3E67-1144-32B1-446FB22F036B" vid_target="41B036E3-7107-777C-C7E4-E85AE0FCD1E2">
<hideElementsInCurrentOnly>false</hideElementsInCurrentOnly>
<backgroundColor>-16777216</backgroundColor>
<lineWidth>1</lineWidth>
<points>
<point x="2515" y="2032"/>
<point x="3115" y="2932"/>
</points>
</Connector>
</connectors>
</Diagram>