<?xml version = '1.0' encoding = 'UTF-8'?>
<FKIndexAssociation class="oracle.dbtools.crest.model.design.relational.FKIndexAssociation" directorySegmentName="seg_0" id="0186D590-AECD-DB54-40FF-95BEB7E48F39" containerWithKeyObject="FFE2D5B4-8494-BE94-27C9-A411FE312AB9" localFKIndex="837A35EE-7C1E-8392-EA0B-39901C1F2069" name="REGISTER_CONTACT_EMERGENCY_PATIENT_FK">
<createdBy>luism</createdBy>
<createdTime>2025-02-16 17:25:39 UTC</createdTime>
<ownerDesignName>HDB-COMPUNET</ownerDesignName>
<referredTableLongName>PATIENT</referredTableLongName>
<deleteRule>NO ACTION</deleteRule>
<referredTableID>12830E52-0252-6368-2185-E3D820DAEF33</referredTableID>
<keyObject>E26B7E5C-A517-2ECB-54A6-6E2E8A17720B</keyObject>
<referredKeyID>E26B7E5C-A517-2ECB-54A6-6E2E8A17720B</referredKeyID>
<mandatory>true</mandatory>
<refColNames>id</refColNames>
<transferable>true</transferable>
<rely>false</rely>
<columnDependencyConstraintGenerateInDDL>true</columnDependencyConstraintGenerateInDDL>
</FKIndexAssociation>