<?xml version = '1.0' encoding = 'UTF-8'?>
<FKIndexAssociation class="oracle.dbtools.crest.model.design.relational.FKIndexAssociation" directorySegmentName="seg_0" id="025E3CBE-962C-86F5-4003-B6ECF8FE2583" containerWithKeyObject="F4E96E82-EC09-116A-8332-C924B4376018" localFKIndex="63E080F0-9BF7-92CF-AF1E-FCB66B982852" name="LOCATION_LOCATION_TYPE_FK">
<createdBy>luism</createdBy>
<createdTime>2025-02-17 20:03:28 UTC</createdTime>
<ownerDesignName>HDB-COMPUNET</ownerDesignName>
<referredTableLongName>LOCATION_TYPE</referredTableLongName>
<deleteRule>NO ACTION</deleteRule>
<referredTableID>0F697EF3-C07E-3DD5-632A-A70E0FF476D3</referredTableID>
<keyObject>99DEE4DA-F81A-E65F-B99D-AB1C45DDAC47</keyObject>
<referredKeyID>99DEE4DA-F81A-E65F-B99D-AB1C45DDAC47</referredKeyID>
<mandatory>true</mandatory>
<refColNames>name</refColNames>
<transferable>true</transferable>
<rely>false</rely>
<columnDependencyConstraintGenerateInDDL>true</columnDependencyConstraintGenerateInDDL>
</FKIndexAssociation>