<?xml version = '1.0' encoding = 'UTF-8'?>
<FKIndexAssociation class="oracle.dbtools.crest.model.design.relational.FKIndexAssociation" directorySegmentName="seg_0" id="048F56BB-EEB1-6EC9-BB06-C090B39C2CDD" containerWithKeyObject="43572FFE-416C-D2B7-C6CE-6C03100AD022" localFKIndex="8C5D09D1-B644-ECEC-22C6-6BACA7C8B361" name="STAFF_PROFESSION_FK">
<createdBy>luism</createdBy>
<createdTime>2025-02-17 19:12:31 UTC</createdTime>
<ownerDesignName>HDB-COMPUNET</ownerDesignName>
<referredTableLongName>PROFESSION</referredTableLongName>
<deleteRule>NO ACTION</deleteRule>
<referredTableID>30DB6C9F-9E2E-0CFC-A7CD-341716076134</referredTableID>
<keyObject>E706E950-6218-0BC4-CDFA-318D20E4AC7B</keyObject>
<referredKeyID>E706E950-6218-0BC4-CDFA-318D20E4AC7B</referredKeyID>
<mandatory>true</mandatory>
<refColNames>id</refColNames>
<transferable>true</transferable>
<rely>false</rely>
<columnDependencyConstraintGenerateInDDL>true</columnDependencyConstraintGenerateInDDL>
</FKIndexAssociation>