<?xml version = '1.0' encoding = 'UTF-8'?>
<FKIndexAssociation class="oracle.dbtools.crest.model.design.relational.FKIndexAssociation" directorySegmentName="seg_0" id="080360E9-16A3-6410-51A1-6AD839632303" containerWithKeyObject="43572FFE-416C-D2B7-C6CE-6C03100AD022" localFKIndex="19203308-38CF-0B8D-A48C-325EF267B28B" name="STAFF_COUNTRY_FK">
<createdBy>luism</createdBy>
<createdTime>2025-02-16 18:04:57 UTC</createdTime>
<ownerDesignName>HDB-COMPUNET</ownerDesignName>
<referredTableLongName>COUNTRY</referredTableLongName>
<deleteRule>NO ACTION</deleteRule>
<referredTableID>713652E5-AF4E-1D67-13E1-4A03FFE64BE5</referredTableID>
<keyObject>D88EBC6D-6BB5-54AD-E79F-64EBE2A17608</keyObject>
<referredKeyID>D88EBC6D-6BB5-54AD-E79F-64EBE2A17608</referredKeyID>
<mandatory>true</mandatory>
<refColNames>id</refColNames>
<transferable>true</transferable>
<rely>false</rely>
<columnDependencyConstraintGenerateInDDL>true</columnDependencyConstraintGenerateInDDL>
</FKIndexAssociation>