<?xml version = '1.0' encoding = 'UTF-8'?>
<FKIndexAssociation class="oracle.dbtools.crest.model.design.relational.FKIndexAssociation" directorySegmentName="seg_0" id="1E0C8270-88B9-A532-8A31-74E08E74A217" containerWithKeyObject="99B45C15-ACED-CE2B-F38F-B6A5878B7839" localFKIndex="52BFD480-6DB3-D1DE-DC45-F2701DF2B5E8" name="EMERGENCY CONTACT_COUNTRY_FK">
<createdBy>luism</createdBy>
<createdTime>2025-02-16 18:04:21 UTC</createdTime>
<ownerDesignName>HDB-COMPUNET</ownerDesignName>
<referredTableLongName>COUNTRY</referredTableLongName>
<deleteRule>NO ACTION</deleteRule>
<referredTableID>713652E5-AF4E-1D67-13E1-4A03FFE64BE5</referredTableID>
<keyObject>D88EBC6D-6BB5-54AD-E79F-64EBE2A17608</keyObject>
<referredKeyID>D88EBC6D-6BB5-54AD-E79F-64EBE2A17608</referredKeyID>
<mandatory>true</mandatory>
<refColNames>id</refColNames>
<transferable>true</transferable>
<rely>false</rely>
<columnDependencyConstraintGenerateInDDL>true</columnDependencyConstraintGenerateInDDL>
</FKIndexAssociation>