<?xml version = '1.0' encoding = 'UTF-8'?>
<FKIndexAssociation class="oracle.dbtools.crest.model.design.relational.FKIndexAssociation" directorySegmentName="seg_0" id="21FC9856-ED8C-1F40-06AF-71871C7E9B18" containerWithKeyObject="B3C65835-56E3-0F3D-F6FA-14D1386AC0D1" localFKIndex="61F269FD-3C7A-8A62-0780-76E7ECA87854" name="CLINICAL_HISTORY_CLINIC_HISTORIAL_STATUS_FK">
<createdBy>luism</createdBy>
<createdTime>2025-02-17 19:18:09 UTC</createdTime>
<ownerDesignName>HDB-COMPUNET</ownerDesignName>
<referredTableLongName>CLINIC_HISTORIAL_STATUS</referredTableLongName>
<deleteRule>NO ACTION</deleteRule>
<referredTableID>A9DA912A-540D-3123-B58C-3F2DFF0B9D0A</referredTableID>
<keyObject>E020B67A-DCB9-27C3-99B4-C3FC8E1EF824</keyObject>
<referredKeyID>E020B67A-DCB9-27C3-99B4-C3FC8E1EF824</referredKeyID>
<mandatory>true</mandatory>
<refColNames>name</refColNames>
<transferable>true</transferable>
<rely>false</rely>
<columnDependencyConstraintGenerateInDDL>true</columnDependencyConstraintGenerateInDDL>
</FKIndexAssociation>