<?xml version = '1.0' encoding = 'UTF-8'?>
<FKIndexAssociation class="oracle.dbtools.crest.model.design.relational.FKIndexAssociation" directorySegmentName="seg_0" id="3662D788-D47B-0E7D-3FC0-6484A0408ACD" containerWithKeyObject="12830E52-0252-6368-2185-E3D820DAEF33" localFKIndex="C7ABF294-0733-2D66-F07C-5D2000B6CFF9" name="PATIENT_CITY_FK">
<createdBy>luism</createdBy>
<createdTime>2025-02-16 18:04:36 UTC</createdTime>
<ownerDesignName>HDB-COMPUNET</ownerDesignName>
<referredTableLongName>CITY</referredTableLongName>
<deleteRule>NO ACTION</deleteRule>
<referredTableID>9923DADA-49D9-C5FF-24A7-518257D1294B</referredTableID>
<keyObject>A9023246-D7A3-D7BF-E100-A805813CBA1B</keyObject>
<referredKeyID>A9023246-D7A3-D7BF-E100-A805813CBA1B</referredKeyID>
<mandatory>true</mandatory>
<refColNames>id</refColNames>
<transferable>true</transferable>
<rely>false</rely>
<columnDependencyConstraintGenerateInDDL>true</columnDependencyConstraintGenerateInDDL>
</FKIndexAssociation>