<?xml version = '1.0' encoding = 'UTF-8'?>
<FKIndexAssociation class="oracle.dbtools.crest.model.design.relational.FKIndexAssociation" directorySegmentName="seg_0" id="3F97C1BA-E8D9-4658-F6FC-647F817ACACF" containerWithKeyObject="CCF41441-A1B4-6F05-174C-B54B1FFCAFC4" localFKIndex="4775530A-CE22-D075-096B-09EA24F1649F" name="STAFF_SPECIALITIES_SPECIALITY_FK">
<createdBy>luism</createdBy>
<createdTime>2025-02-16 17:57:52 UTC</createdTime>
<ownerDesignName>HDB-COMPUNET</ownerDesignName>
<referredTableLongName>SPECIALITY</referredTableLongName>
<deleteRule>NO ACTION</deleteRule>
<referredTableID>F2353CA8-D7D1-F3CA-9695-C703F9CAD7F9</referredTableID>
<keyObject>66DDEA4B-8578-DD2B-D7D0-08FA828176CB</keyObject>
<referredKeyID>66DDEA4B-8578-DD2B-D7D0-08FA828176CB</referredKeyID>
<mandatory>true</mandatory>
<refColNames>id</refColNames>
<transferable>true</transferable>
<rely>false</rely>
<columnDependencyConstraintGenerateInDDL>true</columnDependencyConstraintGenerateInDDL>
</FKIndexAssociation>