<?xml version = '1.0' encoding = 'UTF-8'?>
<FKIndexAssociation class="oracle.dbtools.crest.model.design.relational.FKIndexAssociation" directorySegmentName="seg_0" id="402A9179-5DD9-03EE-C3ED-B17003C60A4F" containerWithKeyObject="67920B4B-E120-099B-9BC9-87EAAB1AF388" localFKIndex="65E018D6-909E-E1C6-1D7B-10CD41E17899" name="APPOINTMENT_LOCATION_FK">
<createdBy>luism</createdBy>
<createdTime>2025-02-17 20:05:00 UTC</createdTime>
<ownerDesignName>HDB-COMPUNET</ownerDesignName>
<referredTableLongName>LOCATION</referredTableLongName>
<deleteRule>NO ACTION</deleteRule>
<referredTableID>F4E96E82-EC09-116A-8332-C924B4376018</referredTableID>
<keyObject>541AFA92-13D6-8231-25C5-A8D50B44C6DB</keyObject>
<referredKeyID>541AFA92-13D6-8231-25C5-A8D50B44C6DB</referredKeyID>
<mandatory>true</mandatory>
<refColNames>id</refColNames>
<transferable>true</transferable>
<rely>false</rely>
<columnDependencyConstraintGenerateInDDL>true</columnDependencyConstraintGenerateInDDL>
</FKIndexAssociation>