<?xml version = '1.0' encoding = 'UTF-8'?>
<FKIndexAssociation class="oracle.dbtools.crest.model.design.relational.FKIndexAssociation" directorySegmentName="seg_0" id="40CEB241-18EF-0DB8-DBF1-7FDE496F5633" containerWithKeyObject="FFE2D5B4-8494-BE94-27C9-A411FE312AB9" localFKIndex="F8F592EC-7129-9D8C-8D82-927DFE97328C" name="REGISTER_CONTACT_EMERGENCY_EMERGENCY CONTACT_FK">
<createdBy>luism</createdBy>
<createdTime>2025-02-16 17:25:57 UTC</createdTime>
<ownerDesignName>HDB-COMPUNET</ownerDesignName>
<referredTableLongName>EMERGENCY CONTACT</referredTableLongName>
<deleteRule>NO ACTION</deleteRule>
<referredTableID>99B45C15-ACED-CE2B-F38F-B6A5878B7839</referredTableID>
<keyObject>57460F66-DD97-E005-3EF1-FD8179BEEAD4</keyObject>
<referredKeyID>57460F66-DD97-E005-3EF1-FD8179BEEAD4</referredKeyID>
<mandatory>true</mandatory>
<refColNames>id</refColNames>
<transferable>true</transferable>
<rely>false</rely>
<columnDependencyConstraintGenerateInDDL>true</columnDependencyConstraintGenerateInDDL>
</FKIndexAssociation>