<?xml version = '1.0' encoding = 'UTF-8'?>
<FKIndexAssociation class="oracle.dbtools.crest.model.design.relational.FKIndexAssociation" directorySegmentName="seg_0" id="4680F8B3-A8CB-C5E0-9CD7-C40E878CB75A" containerWithKeyObject="962D0C86-B106-B4AA-EA5B-B869463C9BAB" localFKIndex="B7B37CF1-A3CA-5EA0-5A92-17DBB4C5FEAA" name="EXAM_RESULT_EXAM_TYPE_FK">
<createdBy>luism</createdBy>
<createdTime>2025-02-17 20:23:51 UTC</createdTime>
<ownerDesignName>HDB-COMPUNET</ownerDesignName>
<referredTableLongName>EXAM_TYPE</referredTableLongName>
<deleteRule>NO ACTION</deleteRule>
<referredTableID>009CB5FC-7325-F0E8-8E62-1F5E8ECD67A9</referredTableID>
<keyObject>A2B54AF6-2909-2DB7-D9F3-5281A4C75EF8</keyObject>
<referredKeyID>A2B54AF6-2909-2DB7-D9F3-5281A4C75EF8</referredKeyID>
<mandatory>true</mandatory>
<refColNames>name</refColNames>
<transferable>true</transferable>
<rely>false</rely>
<columnDependencyConstraintGenerateInDDL>true</columnDependencyConstraintGenerateInDDL>
</FKIndexAssociation>