<?xml version = '1.0' encoding = 'UTF-8'?>
<FKIndexAssociation class="oracle.dbtools.crest.model.design.relational.FKIndexAssociation" directorySegmentName="seg_0" id="490FCDC7-2F21-8E09-D80E-A51B19A309A0" containerWithKeyObject="368C33E4-F803-AC54-5A84-D04E676E4A4F" localFKIndex="672001AE-F45B-8ED8-06F2-E2CF389BFA3F" name="ATTENTION EPISODE_APPOINTMENT_FK">
<createdBy>luism</createdBy>
<createdTime>2025-02-17 19:29:46 UTC</createdTime>
<ownerDesignName>HDB-COMPUNET</ownerDesignName>
<referredTableLongName>APPOINTMENT</referredTableLongName>
<deleteRule>NO ACTION</deleteRule>
<referredTableID>67920B4B-E120-099B-9BC9-87EAAB1AF388</referredTableID>
<keyObject>20A25E30-0C83-4439-CA1E-086C6370D816</keyObject>
<referredKeyID>20A25E30-0C83-4439-CA1E-086C6370D816</referredKeyID>
<mandatory>true</mandatory>
<refColNames>id</refColNames>
<transferable>true</transferable>
<rely>false</rely>
<columnDependencyConstraintGenerateInDDL>true</columnDependencyConstraintGenerateInDDL>
</FKIndexAssociation>