<?xml version = '1.0' encoding = 'UTF-8'?>
<FKIndexAssociation class="oracle.dbtools.crest.model.design.relational.FKIndexAssociation" directorySegmentName="seg_0" id="4C54A250-E1E5-C2B3-D849-173AF18633D6" containerWithKeyObject="962D0C86-B106-B4AA-EA5B-B869463C9BAB" localFKIndex="71341AB7-BF73-F6C0-B907-F9B1CA6B0904" name="EXAM_PATIENT_FK">
<createdBy>luism</createdBy>
<createdTime>2025-02-16 18:15:02 UTC</createdTime>
<ownerDesignName>HDB-COMPUNET</ownerDesignName>
<referredTableLongName>PATIENT</referredTableLongName>
<deleteRule>NO ACTION</deleteRule>
<referredTableID>12830E52-0252-6368-2185-E3D820DAEF33</referredTableID>
<keyObject>E26B7E5C-A517-2ECB-54A6-6E2E8A17720B</keyObject>
<referredKeyID>E26B7E5C-A517-2ECB-54A6-6E2E8A17720B</referredKeyID>
<mandatory>true</mandatory>
<refColNames>id,blood_type</refColNames>
<transferable>true</transferable>
<rely>false</rely>
<columnDependencyConstraintGenerateInDDL>true</columnDependencyConstraintGenerateInDDL>
</FKIndexAssociation>