<?xml version = '1.0' encoding = 'UTF-8'?>
<FKIndexAssociation class="oracle.dbtools.crest.model.design.relational.FKIndexAssociation" directorySegmentName="seg_0" id="4CDD4452-ECA3-4113-806E-A50C7281CD98" containerWithKeyObject="1FEF2282-C2A9-0F65-AF43-D494777C642A" localFKIndex="13BF3FD5-ECA9-5102-3887-FF2C31C886EB" name="USER_ROLE_USER_FK">
<createdBy>luism</createdBy>
<createdTime>2025-02-16 17:22:15 UTC</createdTime>
<ownerDesignName>HDB-COMPUNET</ownerDesignName>
<referredTableLongName>USER</referredTableLongName>
<deleteRule>NO ACTION</deleteRule>
<referredTableID>8EA03695-34FC-5570-4E9C-4F0FF0A70DA4</referredTableID>
<keyObject>AA657E79-FC54-EECF-91F1-D3CD95641903</keyObject>
<referredKeyID>AA657E79-FC54-EECF-91F1-D3CD95641903</referredKeyID>
<mandatory>true</mandatory>
<refColNames>id</refColNames>
<transferable>true</transferable>
<rely>false</rely>
<columnDependencyConstraintGenerateInDDL>true</columnDependencyConstraintGenerateInDDL>
</FKIndexAssociation>