<?xml version = '1.0' encoding = 'UTF-8'?>
<FKIndexAssociation class="oracle.dbtools.crest.model.design.relational.FKIndexAssociation" directorySegmentName="seg_0" id="55678EFF-1AA2-1C7E-5D72-DBA950B83847" containerWithKeyObject="43572FFE-416C-D2B7-C6CE-6C03100AD022" localFKIndex="78E2E995-961B-0A3B-55D4-2EB64BD87B1F" name="STAFF_EPS_FK">
<createdBy>luism</createdBy>
<createdTime>2025-02-17 20:44:24 UTC</createdTime>
<ownerDesignName>HDB-COMPUNET</ownerDesignName>
<referredTableLongName>EPS</referredTableLongName>
<deleteRule>NO ACTION</deleteRule>
<referredTableID>65D81BA0-A2A2-88E3-E5D9-A132065B58E6</referredTableID>
<keyObject>6228256A-EFB0-FB1A-F107-2D3D56B00CD8</keyObject>
<referredKeyID>6228256A-EFB0-FB1A-F107-2D3D56B00CD8</referredKeyID>
<mandatory>true</mandatory>
<refColNames>id</refColNames>
<transferable>true</transferable>
<rely>false</rely>
<columnDependencyConstraintGenerateInDDL>true</columnDependencyConstraintGenerateInDDL>
</FKIndexAssociation>