<?xml version = '1.0' encoding = 'UTF-8'?>
<FKIndexAssociation class="oracle.dbtools.crest.model.design.relational.FKIndexAssociation" directorySegmentName="seg_0" id="59C38708-E77E-4D53-0A67-4D15566940F3" containerWithKeyObject="F7AF8BD7-781C-70F8-B3A2-9E26BC96DBCA" localFKIndex="7D2B6272-E4B9-B16F-9FEF-37B4E0B5AD69" name="STAFF_TYPES_STAFF_TYPE_FK">
<createdBy>luism</createdBy>
<createdTime>2025-02-16 17:59:13 UTC</createdTime>
<ownerDesignName>HDB-COMPUNET</ownerDesignName>
<referredTableLongName>STAFF_TYPE</referredTableLongName>
<deleteRule>NO ACTION</deleteRule>
<referredTableID>EE777B01-90FB-B068-CE5B-25E50493FD8C</referredTableID>
<keyObject>E857D700-A2A6-8F45-C37F-3EDA5ED80B22</keyObject>
<referredKeyID>E857D700-A2A6-8F45-C37F-3EDA5ED80B22</referredKeyID>
<mandatory>true</mandatory>
<refColNames>id</refColNames>
<transferable>true</transferable>
<rely>false</rely>
<columnDependencyConstraintGenerateInDDL>true</columnDependencyConstraintGenerateInDDL>
</FKIndexAssociation>