<?xml version = '1.0' encoding = 'UTF-8'?>
<FKIndexAssociation class="oracle.dbtools.crest.model.design.relational.FKIndexAssociation" directorySegmentName="seg_0" id="5B2C709A-0DE0-6972-1139-81D0A1154CCC" containerWithKeyObject="12830E52-0252-6368-2185-E3D820DAEF33" localFKIndex="8088A185-FBEA-419B-EDED-0C276A5DC333" name="PATIENT_COUNTRY_FK">
<createdBy>luism</createdBy>
<createdTime>2025-02-16 18:04:39 UTC</createdTime>
<ownerDesignName>HDB-COMPUNET</ownerDesignName>
<referredTableLongName>COUNTRY</referredTableLongName>
<deleteRule>NO ACTION</deleteRule>
<referredTableID>713652E5-AF4E-1D67-13E1-4A03FFE64BE5</referredTableID>
<keyObject>D88EBC6D-6BB5-54AD-E79F-64EBE2A17608</keyObject>
<referredKeyID>D88EBC6D-6BB5-54AD-E79F-64EBE2A17608</referredKeyID>
<mandatory>true</mandatory>
<refColNames>id</refColNames>
<transferable>true</transferable>
<rely>false</rely>
<columnDependencyConstraintGenerateInDDL>true</columnDependencyConstraintGenerateInDDL>
</FKIndexAssociation>