<?xml version = '1.0' encoding = 'UTF-8'?>
<FKIndexAssociation class="oracle.dbtools.crest.model.design.relational.FKIndexAssociation" directorySegmentName="seg_0" id="5C7E565F-161B-2050-96A3-1D60298951F6" containerWithKeyObject="67920B4B-E120-099B-9BC9-87EAAB1AF388" localFKIndex="098072E2-0EA5-BBD5-FB4F-3F1301497372" name="APPOINTMENT_STAFF_FK">
<createdBy>luism</createdBy>
<createdTime>2025-02-16 18:09:01 UTC</createdTime>
<ownerDesignName>HDB-COMPUNET</ownerDesignName>
<referredTableLongName>STAFF</referredTableLongName>
<deleteRule>NO ACTION</deleteRule>
<referredTableID>43572FFE-416C-D2B7-C6CE-6C03100AD022</referredTableID>
<keyObject>EC7E5267-8CFC-4B7D-0118-9438DD6CD421</keyObject>
<referredKeyID>EC7E5267-8CFC-4B7D-0118-9438DD6CD421</referredKeyID>
<mandatory>true</mandatory>
<refColNames>id</refColNames>
<transferable>true</transferable>
<rely>false</rely>
<columnDependencyConstraintGenerateInDDL>true</columnDependencyConstraintGenerateInDDL>
</FKIndexAssociation>