<?xml version = '1.0' encoding = 'UTF-8'?>
<FKIndexAssociation class="oracle.dbtools.crest.model.design.relational.FKIndexAssociation" directorySegmentName="seg_0" id="5D58853C-2D14-6EB2-6841-959355971C32" containerWithKeyObject="CA042E53-81E4-12F8-2134-ABD29BA8BFED" localFKIndex="92ED9E51-69AA-6726-B806-C085D04088B4" name="ASSISTANCE_ACT_STAFF_FK">
<createdBy>luism</createdBy>
<createdTime>2025-02-17 19:40:02 UTC</createdTime>
<ownerDesignName>HDB-COMPUNET</ownerDesignName>
<referredTableLongName>STAFF</referredTableLongName>
<deleteRule>NO ACTION</deleteRule>
<referredTableID>43572FFE-416C-D2B7-C6CE-6C03100AD022</referredTableID>
<keyObject>EC7E5267-8CFC-4B7D-0118-9438DD6CD421</keyObject>
<referredKeyID>EC7E5267-8CFC-4B7D-0118-9438DD6CD421</referredKeyID>
<mandatory>true</mandatory>
<refColNames>id</refColNames>
<transferable>true</transferable>
<rely>false</rely>
<columnDependencyConstraintGenerateInDDL>true</columnDependencyConstraintGenerateInDDL>
</FKIndexAssociation>