<?xml version = '1.0' encoding = 'UTF-8'?>
<FKIndexAssociation class="oracle.dbtools.crest.model.design.relational.FKIndexAssociation" directorySegmentName="seg_0" id="76C23B55-7780-82EB-761E-8A63797EE394" containerWithKeyObject="1FEF2282-C2A9-0F65-AF43-D494777C642A" localFKIndex="114AD2A2-C8B8-8CE9-CF61-22C605EFA084" name="USER_ROLE_ROLE_FK">
<createdBy>luism</createdBy>
<createdTime>2025-02-16 17:22:11 UTC</createdTime>
<ownerDesignName>HDB-COMPUNET</ownerDesignName>
<referredTableLongName>ROLE</referredTableLongName>
<deleteRule>NO ACTION</deleteRule>
<referredTableID>56F160A9-06BC-9784-FD63-E0B8355A030E</referredTableID>
<keyObject>F3BEA0D6-1A0C-D9FF-0E0F-9DF152757C49</keyObject>
<referredKeyID>F3BEA0D6-1A0C-D9FF-0E0F-9DF152757C49</referredKeyID>
<mandatory>true</mandatory>
<refColNames>id</refColNames>
<transferable>true</transferable>
<rely>false</rely>
<columnDependencyConstraintGenerateInDDL>true</columnDependencyConstraintGenerateInDDL>
</FKIndexAssociation>