<?xml version = '1.0' encoding = 'UTF-8'?>
<FKIndexAssociation class="oracle.dbtools.crest.model.design.relational.FKIndexAssociation" directorySegmentName="seg_0" id="78EDAC95-8591-1E3A-2A8A-3E5159796983" containerWithKeyObject="67920B4B-E120-099B-9BC9-87EAAB1AF388" localFKIndex="7F3955CF-1D79-3D59-94E0-AF0F794F35E4" name="APPOINTMENT_PATIENT_FK">
<createdBy>luism</createdBy>
<createdTime>2025-02-16 18:11:34 UTC</createdTime>
<ownerDesignName>HDB-COMPUNET</ownerDesignName>
<referredTableLongName>PATIENT</referredTableLongName>
<deleteRule>NO ACTION</deleteRule>
<referredTableID>12830E52-0252-6368-2185-E3D820DAEF33</referredTableID>
<keyObject>E26B7E5C-A517-2ECB-54A6-6E2E8A17720B</keyObject>
<referredKeyID>E26B7E5C-A517-2ECB-54A6-6E2E8A17720B</referredKeyID>
<mandatory>true</mandatory>
<refColNames>id,blood_type</refColNames>
<transferable>true</transferable>
<rely>false</rely>
<columnDependencyConstraintGenerateInDDL>true</columnDependencyConstraintGenerateInDDL>
</FKIndexAssociation>