<?xml version = '1.0' encoding = 'UTF-8'?>
<FKIndexAssociation class="oracle.dbtools.crest.model.design.relational.FKIndexAssociation" directorySegmentName="seg_0" id="7995268D-0E9B-8264-3F10-B22A57035268" containerWithKeyObject="43572FFE-416C-D2B7-C6CE-6C03100AD022" localFKIndex="E3B871C1-EE83-0CA8-4CB3-E86C94FA71BE" name="STAFF_CITY_FK">
<createdBy>luism</createdBy>
<createdTime>2025-02-16 18:05:03 UTC</createdTime>
<ownerDesignName>HDB-COMPUNET</ownerDesignName>
<referredTableLongName>CITY</referredTableLongName>
<deleteRule>NO ACTION</deleteRule>
<referredTableID>9923DADA-49D9-C5FF-24A7-518257D1294B</referredTableID>
<keyObject>A9023246-D7A3-D7BF-E100-A805813CBA1B</keyObject>
<referredKeyID>A9023246-D7A3-D7BF-E100-A805813CBA1B</referredKeyID>
<mandatory>true</mandatory>
<refColNames>id</refColNames>
<transferable>true</transferable>
<rely>false</rely>
<columnDependencyConstraintGenerateInDDL>true</columnDependencyConstraintGenerateInDDL>
</FKIndexAssociation>