<?xml version = '1.0' encoding = 'UTF-8'?>
<FKIndexAssociation class="oracle.dbtools.crest.model.design.relational.FKIndexAssociation" directorySegmentName="seg_0" id="827E2C3C-0A6E-2757-60F7-ACA34918B501" containerWithKeyObject="43572FFE-416C-D2B7-C6CE-6C03100AD022" localFKIndex="E21D1978-431A-2995-5936-B44A5A55BCC2" name="STAFF_AVAILABILITY_FK">
<createdBy>luism</createdBy>
<createdTime>2025-02-17 19:53:56 UTC</createdTime>
<ownerDesignName>HDB-COMPUNET</ownerDesignName>
<referredTableLongName>AVAILABILITY</referredTableLongName>
<deleteRule>NO ACTION</deleteRule>
<referredTableID>F8BC78C4-067C-D1D2-5ED3-015B1C8F6B56</referredTableID>
<keyObject>28B7AF13-BBA8-5D07-52AF-969CE83075C3</keyObject>
<referredKeyID>28B7AF13-BBA8-5D07-52AF-969CE83075C3</referredKeyID>
<mandatory>true</mandatory>
<refColNames>id</refColNames>
<transferable>true</transferable>
<rely>false</rely>
<columnDependencyConstraintGenerateInDDL>true</columnDependencyConstraintGenerateInDDL>
</FKIndexAssociation>