<?xml version = '1.0' encoding = 'UTF-8'?>
<FKIndexAssociation class="oracle.dbtools.crest.model.design.relational.FKIndexAssociation" directorySegmentName="seg_0" id="83CE8E39-6081-D4EB-CC3A-0E2D8DFBC89B" containerWithKeyObject="43572FFE-416C-D2B7-C6CE-6C03100AD022" localFKIndex="BF4E36A8-686D-36A5-6CC7-6D9132036FD9" name="STAFF_USER_FK">
<createdBy>luism</createdBy>
<createdTime>2025-02-16 17:33:07 UTC</createdTime>
<ownerDesignName>HDB-COMPUNET</ownerDesignName>
<referredTableLongName>USER</referredTableLongName>
<deleteRule>NO ACTION</deleteRule>
<referredTableID>8EA03695-34FC-5570-4E9C-4F0FF0A70DA4</referredTableID>
<keyObject>AA657E79-FC54-EECF-91F1-D3CD95641903</keyObject>
<referredKeyID>AA657E79-FC54-EECF-91F1-D3CD95641903</referredKeyID>
<mandatory>true</mandatory>
<refColNames>id</refColNames>
<transferable>true</transferable>
<rely>false</rely>
<columnDependencyConstraintGenerateInDDL>true</columnDependencyConstraintGenerateInDDL>
</FKIndexAssociation>