<?xml version = '1.0' encoding = 'UTF-8'?>
<FKIndexAssociation class="oracle.dbtools.crest.model.design.relational.FKIndexAssociation" directorySegmentName="seg_0" id="8B7DDF17-7557-B56B-B2BB-4B603538B7F7" containerWithKeyObject="F7AF8BD7-781C-70F8-B3A2-9E26BC96DBCA" localFKIndex="4234EB9E-6748-1D17-BBE2-876FD5224375" name="STAFF_TYPES_STAFF_FK">
<createdBy>luism</createdBy>
<createdTime>2025-02-16 17:59:09 UTC</createdTime>
<ownerDesignName>HDB-COMPUNET</ownerDesignName>
<referredTableLongName>STAFF</referredTableLongName>
<deleteRule>NO ACTION</deleteRule>
<referredTableID>43572FFE-416C-D2B7-C6CE-6C03100AD022</referredTableID>
<keyObject>EC7E5267-8CFC-4B7D-0118-9438DD6CD421</keyObject>
<referredKeyID>EC7E5267-8CFC-4B7D-0118-9438DD6CD421</referredKeyID>
<mandatory>true</mandatory>
<refColNames>id</refColNames>
<transferable>true</transferable>
<rely>false</rely>
<columnDependencyConstraintGenerateInDDL>true</columnDependencyConstraintGenerateInDDL>
</FKIndexAssociation>