<?xml version = '1.0' encoding = 'UTF-8'?>
<FKIndexAssociation class="oracle.dbtools.crest.model.design.relational.FKIndexAssociation" directorySegmentName="seg_0" id="8E0F87CE-54A3-9F24-0D80-A31EF16A94EF" containerWithKeyObject="B3C65835-56E3-0F3D-F6FA-14D1386AC0D1" localFKIndex="FAD8408C-497C-A59F-F2CE-7D985595587F" name="CLINICAL_HISTORY_PATIENT_FK">
<createdBy>luism</createdBy>
<createdTime>2025-02-17 19:21:48 UTC</createdTime>
<ownerDesignName>HDB-COMPUNET</ownerDesignName>
<referredTableLongName>PATIENT</referredTableLongName>
<deleteRule>NO ACTION</deleteRule>
<referredTableID>12830E52-0252-6368-2185-E3D820DAEF33</referredTableID>
<keyObject>E26B7E5C-A517-2ECB-54A6-6E2E8A17720B</keyObject>
<referredKeyID>E26B7E5C-A517-2ECB-54A6-6E2E8A17720B</referredKeyID>
<mandatory>true</mandatory>
<refColNames>id</refColNames>
<transferable>true</transferable>
<rely>false</rely>
<columnDependencyConstraintGenerateInDDL>true</columnDependencyConstraintGenerateInDDL>
</FKIndexAssociation>