<?xml version = '1.0' encoding = 'UTF-8'?>
<FKIndexAssociation class="oracle.dbtools.crest.model.design.relational.FKIndexAssociation" directorySegmentName="seg_0" id="8E4E7BC5-5DF1-C675-655C-7435AD6FEC54" containerWithKeyObject="12830E52-0252-6368-2185-E3D820DAEF33" localFKIndex="DFE50EBE-5815-7611-80BF-BCD0FD8EC7B0" name="PATIENT_PROFESSION_FK">
<createdBy>luism</createdBy>
<createdTime>2025-02-16 18:35:20 UTC</createdTime>
<ownerDesignName>HDB-COMPUNET</ownerDesignName>
<referredTableLongName>PROFESSION</referredTableLongName>
<deleteRule>NO ACTION</deleteRule>
<referredTableID>30DB6C9F-9E2E-0CFC-A7CD-341716076134</referredTableID>
<keyObject>E706E950-6218-0BC4-CDFA-318D20E4AC7B</keyObject>
<referredKeyID>E706E950-6218-0BC4-CDFA-318D20E4AC7B</referredKeyID>
<mandatory>true</mandatory>
<refColNames>id</refColNames>
<transferable>true</transferable>
<rely>false</rely>
<columnDependencyConstraintGenerateInDDL>true</columnDependencyConstraintGenerateInDDL>
</FKIndexAssociation>