<?xml version = '1.0' encoding = 'UTF-8'?>
<FKIndexAssociation class="oracle.dbtools.crest.model.design.relational.FKIndexAssociation" directorySegmentName="seg_0" id="9B94518B-26B8-BA21-5155-C704EC9734E1" containerWithKeyObject="12830E52-0252-6368-2185-E3D820DAEF33" localFKIndex="2DC7BB02-3DCB-094B-B2B6-65FD58595521" name="PATIENT_PREPAID_MEDICINE_FK">
<createdBy>luism</createdBy>
<createdTime>2025-02-16 17:19:55 UTC</createdTime>
<ownerDesignName>HDB-COMPUNET</ownerDesignName>
<referredTableLongName>PREPAID_MEDICINE</referredTableLongName>
<deleteRule>NO ACTION</deleteRule>
<referredTableID>0FE98686-D1E7-E5EA-0D4F-DB388E584407</referredTableID>
<keyObject>561872A5-A04B-CB01-3E49-1FA23A824139</keyObject>
<referredKeyID>561872A5-A04B-CB01-3E49-1FA23A824139</referredKeyID>
<mandatory>true</mandatory>
<refColNames>id</refColNames>
<transferable>true</transferable>
<rely>false</rely>
<columnDependencyConstraintGenerateInDDL>true</columnDependencyConstraintGenerateInDDL>
</FKIndexAssociation>