<?xml version = '1.0' encoding = 'UTF-8'?>
<FKIndexAssociation class="oracle.dbtools.crest.model.design.relational.FKIndexAssociation" directorySegmentName="seg_0" id="A719E8E7-2AB7-4D42-01C9-A4C165C7AB31" containerWithKeyObject="12830E52-0252-6368-2185-E3D820DAEF33" localFKIndex="7C52D452-D411-AF2C-8E67-AACD90977901" name="PATIENT_USER_FK">
<createdBy>luism</createdBy>
<createdTime>2025-02-16 17:23:06 UTC</createdTime>
<ownerDesignName>HDB-COMPUNET</ownerDesignName>
<referredTableLongName>USER</referredTableLongName>
<deleteRule>NO ACTION</deleteRule>
<referredTableID>8EA03695-34FC-5570-4E9C-4F0FF0A70DA4</referredTableID>
<keyObject>AA657E79-FC54-EECF-91F1-D3CD95641903</keyObject>
<referredKeyID>AA657E79-FC54-EECF-91F1-D3CD95641903</referredKeyID>
<mandatory>true</mandatory>
<refColNames>id</refColNames>
<transferable>true</transferable>
<rely>false</rely>
<columnDependencyConstraintGenerateInDDL>true</columnDependencyConstraintGenerateInDDL>
</FKIndexAssociation>