<?xml version = '1.0' encoding = 'UTF-8'?>
<FKIndexAssociation class="oracle.dbtools.crest.model.design.relational.FKIndexAssociation" directorySegmentName="seg_0" id="AC2D7CA3-60D8-F4B8-3CA1-29ED05420210" containerWithKeyObject="99B45C15-ACED-CE2B-F38F-B6A5878B7839" localFKIndex="E1C6B771-6003-14E7-F6D9-08B4B823A82A" name="EMERGENCY CONTACT_CITY_FK">
<createdBy>luism</createdBy>
<createdTime>2025-02-16 18:04:15 UTC</createdTime>
<ownerDesignName>HDB-COMPUNET</ownerDesignName>
<referredTableLongName>CITY</referredTableLongName>
<deleteRule>NO ACTION</deleteRule>
<referredTableID>9923DADA-49D9-C5FF-24A7-518257D1294B</referredTableID>
<keyObject>A9023246-D7A3-D7BF-E100-A805813CBA1B</keyObject>
<referredKeyID>A9023246-D7A3-D7BF-E100-A805813CBA1B</referredKeyID>
<mandatory>true</mandatory>
<refColNames>id</refColNames>
<transferable>true</transferable>
<rely>false</rely>
<columnDependencyConstraintGenerateInDDL>true</columnDependencyConstraintGenerateInDDL>
</FKIndexAssociation>