<?xml version = '1.0' encoding = 'UTF-8'?>
<FKIndexAssociation class="oracle.dbtools.crest.model.design.relational.FKIndexAssociation" directorySegmentName="seg_0" id="B86619F3-C512-D438-6BB7-A357BBB8AEB4" containerWithKeyObject="A351A0AE-899E-F1DF-D1A2-039F69F78186" localFKIndex="DAEC8556-E321-815D-7321-BCFF2C3A61DE" name="DIAGNOSIS_ATTENTION EPISODE_FK">
<createdBy>luism</createdBy>
<createdTime>2025-02-17 19:28:26 UTC</createdTime>
<ownerDesignName>HDB-COMPUNET</ownerDesignName>
<referredTableLongName>ATTENTION EPISODE</referredTableLongName>
<deleteRule>NO ACTION</deleteRule>
<referredTableID>368C33E4-F803-AC54-5A84-D04E676E4A4F</referredTableID>
<keyObject>CB7D7E07-FD2E-9523-0380-37DF13356522</keyObject>
<referredKeyID>CB7D7E07-FD2E-9523-0380-37DF13356522</referredKeyID>
<mandatory>true</mandatory>
<refColNames>id</refColNames>
<transferable>true</transferable>
<rely>false</rely>
<columnDependencyConstraintGenerateInDDL>true</columnDependencyConstraintGenerateInDDL>
</FKIndexAssociation>