<?xml version = '1.0' encoding = 'UTF-8'?>
<FKIndexAssociation class="oracle.dbtools.crest.model.design.relational.FKIndexAssociation" directorySegmentName="seg_0" id="B92CEF9A-6473-FACC-8CD3-193B2620ECD0" containerWithKeyObject="CA042E53-81E4-12F8-2134-ABD29BA8BFED" localFKIndex="865FC6B3-44F7-9CC3-4465-3DA9F9428A25" name="ASSISTANCE_ACT_ATTENTION EPISODE_FK">
<createdBy>luism</createdBy>
<createdTime>2025-02-17 19:39:03 UTC</createdTime>
<ownerDesignName>HDB-COMPUNET</ownerDesignName>
<referredTableLongName>ATTENTION EPISODE</referredTableLongName>
<deleteRule>NO ACTION</deleteRule>
<referredTableID>368C33E4-F803-AC54-5A84-D04E676E4A4F</referredTableID>
<keyObject>CB7D7E07-FD2E-9523-0380-37DF13356522</keyObject>
<referredKeyID>CB7D7E07-FD2E-9523-0380-37DF13356522</referredKeyID>
<mandatory>true</mandatory>
<refColNames>id</refColNames>
<transferable>true</transferable>
<rely>false</rely>
<columnDependencyConstraintGenerateInDDL>true</columnDependencyConstraintGenerateInDDL>
</FKIndexAssociation>