<?xml version = '1.0' encoding = 'UTF-8'?>
<FKIndexAssociation class="oracle.dbtools.crest.model.design.relational.FKIndexAssociation" directorySegmentName="seg_0" id="C0407828-9FC1-7385-7425-BC551DC0427E" containerWithKeyObject="67920B4B-E120-099B-9BC9-87EAAB1AF388" localFKIndex="282CAA8D-3F13-B39B-C68A-07FB0AAD2143" name="APPOINTMENT_APPOINTMENT_TYPE_FK">
<createdBy>luism</createdBy>
<createdTime>2025-02-16 18:11:14 UTC</createdTime>
<ownerDesignName>HDB-COMPUNET</ownerDesignName>
<referredTableLongName>APPOINTMENT_TYPE</referredTableLongName>
<deleteRule>NO ACTION</deleteRule>
<referredTableID>23551919-A0B9-6EDD-EA9A-FF1FC8F5B015</referredTableID>
<keyObject>75E856E2-CA1D-18F9-2C4B-8A57734E423C</keyObject>
<referredKeyID>75E856E2-CA1D-18F9-2C4B-8A57734E423C</referredKeyID>
<mandatory>true</mandatory>
<refColNames>id</refColNames>
<transferable>true</transferable>
<rely>false</rely>
<columnDependencyConstraintGenerateInDDL>true</columnDependencyConstraintGenerateInDDL>
</FKIndexAssociation>