<?xml version = '1.0' encoding = 'UTF-8'?>
<FKIndexAssociation class="oracle.dbtools.crest.model.design.relational.FKIndexAssociation" directorySegmentName="seg_0" id="D275FBB5-1315-772B-6800-16DEBE49EC4F" containerWithKeyObject="43572FFE-416C-D2B7-C6CE-6C03100AD022" localFKIndex="1A97CFF3-BB44-3B43-6F49-C1FE321AE5B7" name="STAFF_LOCATION_FK">
<createdBy>luism</createdBy>
<createdTime>2025-02-17 20:06:44 UTC</createdTime>
<ownerDesignName>HDB-COMPUNET</ownerDesignName>
<referredTableLongName>LOCATION</referredTableLongName>
<deleteRule>NO ACTION</deleteRule>
<referredTableID>F4E96E82-EC09-116A-8332-C924B4376018</referredTableID>
<keyObject>541AFA92-13D6-8231-25C5-A8D50B44C6DB</keyObject>
<referredKeyID>541AFA92-13D6-8231-25C5-A8D50B44C6DB</referredKeyID>
<mandatory>true</mandatory>
<refColNames>id</refColNames>
<transferable>true</transferable>
<rely>false</rely>
<columnDependencyConstraintGenerateInDDL>true</columnDependencyConstraintGenerateInDDL>
</FKIndexAssociation>