<?xml version = '1.0' encoding = 'UTF-8'?>
<FKIndexAssociation class="oracle.dbtools.crest.model.design.relational.FKIndexAssociation" directorySegmentName="seg_0" id="D3960758-82AF-8055-095C-5E166206AA7C" containerWithKeyObject="9923DADA-49D9-C5FF-24A7-518257D1294B" localFKIndex="8DC06735-8516-8F90-8A21-CB16B99B13A9" name="CITY_COUNTRY_FK">
<createdBy>luism</createdBy>
<createdTime>2025-02-17 19:23:21 UTC</createdTime>
<ownerDesignName>HDB-COMPUNET</ownerDesignName>
<referredTableLongName>COUNTRY</referredTableLongName>
<deleteRule>NO ACTION</deleteRule>
<referredTableID>713652E5-AF4E-1D67-13E1-4A03FFE64BE5</referredTableID>
<keyObject>D88EBC6D-6BB5-54AD-E79F-64EBE2A17608</keyObject>
<referredKeyID>D88EBC6D-6BB5-54AD-E79F-64EBE2A17608</referredKeyID>
<mandatory>true</mandatory>
<refColNames>id</refColNames>
<transferable>true</transferable>
<rely>false</rely>
<columnDependencyConstraintGenerateInDDL>true</columnDependencyConstraintGenerateInDDL>
</FKIndexAssociation>