<?xml version = '1.0' encoding = 'UTF-8'?>
<FKIndexAssociation class="oracle.dbtools.crest.model.design.relational.FKIndexAssociation" directorySegmentName="seg_0" id="D4538E42-69D8-E848-62F7-5C561FEA11E9" containerWithKeyObject="CA042E53-81E4-12F8-2134-ABD29BA8BFED" localFKIndex="E3FBF326-6D3D-EF7C-3655-6745EB289FA5" name="TREATMENT_TREATMENT_RISK_FK">
<createdBy>luism</createdBy>
<createdTime>2025-02-16 17:42:02 UTC</createdTime>
<ownerDesignName>HDB-COMPUNET</ownerDesignName>
<referredTableLongName>TREATMENT_RISK</referredTableLongName>
<deleteRule>NO ACTION</deleteRule>
<referredTableID>D00715F6-5130-2038-C424-09AF5D185C75</referredTableID>
<keyObject>5D3DB2EA-0A90-74D3-8D4F-0241190A61E1</keyObject>
<referredKeyID>5D3DB2EA-0A90-74D3-8D4F-0241190A61E1</referredKeyID>
<mandatory>true</mandatory>
<refColNames>id</refColNames>
<transferable>true</transferable>
<rely>false</rely>
<columnDependencyConstraintGenerateInDDL>true</columnDependencyConstraintGenerateInDDL>
</FKIndexAssociation>