<?xml version = '1.0' encoding = 'UTF-8'?>
<FKIndexAssociation class="oracle.dbtools.crest.model.design.relational.FKIndexAssociation" directorySegmentName="seg_0" id="D481D9E9-53C8-226F-4230-038011133AFE" containerWithKeyObject="368C33E4-F803-AC54-5A84-D04E676E4A4F" localFKIndex="90B9C80E-A3C8-4508-6B79-21E9040F28B7" name="ATTENTION EPISODE_CLINICAL_HISTORY_FK">
<createdBy>luism</createdBy>
<createdTime>2025-02-17 19:26:07 UTC</createdTime>
<ownerDesignName>HDB-COMPUNET</ownerDesignName>
<referredTableLongName>CLINICAL_HISTORY</referredTableLongName>
<deleteRule>NO ACTION</deleteRule>
<referredTableID>B3C65835-56E3-0F3D-F6FA-14D1386AC0D1</referredTableID>
<keyObject>1CCDEEE2-327E-FE1E-94BB-F6CDB5F54ED4</keyObject>
<referredKeyID>1CCDEEE2-327E-FE1E-94BB-F6CDB5F54ED4</referredKeyID>
<mandatory>true</mandatory>
<refColNames>id</refColNames>
<transferable>true</transferable>
<rely>false</rely>
<columnDependencyConstraintGenerateInDDL>true</columnDependencyConstraintGenerateInDDL>
</FKIndexAssociation>