<?xml version = '1.0' encoding = 'UTF-8'?>
<FKIndexAssociation class="oracle.dbtools.crest.model.design.relational.FKIndexAssociation" directorySegmentName="seg_0" id="DAB7D0D1-5C76-1988-16E5-9861EB17F5A3" containerWithKeyObject="962D0C86-B106-B4AA-EA5B-B869463C9BAB" localFKIndex="E18CA31A-ACC6-367D-5855-E079639258BE" name="EXAM_RESULT_STAFF_FK">
<createdBy>luism</createdBy>
<createdTime>2025-02-17 20:17:58 UTC</createdTime>
<ownerDesignName>HDB-COMPUNET</ownerDesignName>
<referredTableLongName>STAFF</referredTableLongName>
<deleteRule>NO ACTION</deleteRule>
<referredTableID>43572FFE-416C-D2B7-C6CE-6C03100AD022</referredTableID>
<keyObject>EC7E5267-8CFC-4B7D-0118-9438DD6CD421</keyObject>
<referredKeyID>EC7E5267-8CFC-4B7D-0118-9438DD6CD421</referredKeyID>
<mandatory>true</mandatory>
<refColNames>id</refColNames>
<transferable>true</transferable>
<rely>false</rely>
<columnDependencyConstraintGenerateInDDL>true</columnDependencyConstraintGenerateInDDL>
</FKIndexAssociation>