<?xml version = '1.0' encoding = 'UTF-8'?>
<FKIndexAssociation class="oracle.dbtools.crest.model.design.relational.FKIndexAssociation" directorySegmentName="seg_0" id="ED506800-AD52-DBBD-C6F1-0365334D4069" containerWithKeyObject="368C33E4-F803-AC54-5A84-D04E676E4A4F" localFKIndex="286A188E-4EFD-7019-4202-2857E916600D" name="ATTENTION EPISODE_STAFF_FK">
<createdBy>luism</createdBy>
<createdTime>2025-02-17 20:34:40 UTC</createdTime>
<ownerDesignName>HDB-COMPUNET</ownerDesignName>
<referredTableLongName>STAFF</referredTableLongName>
<deleteRule>NO ACTION</deleteRule>
<referredTableID>43572FFE-416C-D2B7-C6CE-6C03100AD022</referredTableID>
<keyObject>EC7E5267-8CFC-4B7D-0118-9438DD6CD421</keyObject>
<referredKeyID>EC7E5267-8CFC-4B7D-0118-9438DD6CD421</referredKeyID>
<mandatory>true</mandatory>
<refColNames>id</refColNames>
<transferable>true</transferable>
<rely>false</rely>
<columnDependencyConstraintGenerateInDDL>true</columnDependencyConstraintGenerateInDDL>
</FKIndexAssociation>