<?xml version = '1.0' encoding = 'UTF-8'?>
<FKIndexAssociation class="oracle.dbtools.crest.model.design.relational.FKIndexAssociation" directorySegmentName="seg_0" id="F8313B4D-0ED4-916B-F14C-51194D3C554C" containerWithKeyObject="12830E52-0252-6368-2185-E3D820DAEF33" localFKIndex="F9B62D8B-0217-4699-F1FE-E6ED5D9D277A" name="PATIENT_EPS_FK">
<createdBy>luism</createdBy>
<createdTime>2025-02-16 17:19:19 UTC</createdTime>
<ownerDesignName>HDB-COMPUNET</ownerDesignName>
<referredTableLongName>EPS</referredTableLongName>
<deleteRule>NO ACTION</deleteRule>
<referredTableID>65D81BA0-A2A2-88E3-E5D9-A132065B58E6</referredTableID>
<keyObject>6228256A-EFB0-FB1A-F107-2D3D56B00CD8</keyObject>
<referredKeyID>6228256A-EFB0-FB1A-F107-2D3D56B00CD8</referredKeyID>
<mandatory>true</mandatory>
<refColNames>id</refColNames>
<transferable>true</transferable>
<rely>false</rely>
<columnDependencyConstraintGenerateInDDL>true</columnDependencyConstraintGenerateInDDL>
</FKIndexAssociation>