<?xml version = '1.0' encoding = 'UTF-8'?>
<Diagram class="oracle.dbtools.crest.swingui.relational.DPVRelational" name="Relational_1" id="EEAA6ECE-7706-4B70-E42B-1A8E5E2B35F7">
<createdBy>luism</createdBy>
<modifiedBy>luism</modifiedBy>
<createdTime>2025-02-16 17:15:45 UTC</createdTime>
<autoRoute>false</autoRoute>
<boxInbox>true</boxInbox>
<showLegend>false</showLegend>
<showLabels>false</showLabels>
<showRelAttributes>false</showRelAttributes>
<gridEnabled>true</gridEnabled>
<showGrid>false</showGrid>
<diagramColor>-1</diagramColor>
<display>false</display>
<notation>1</notation>
<objectViews>
<OView class="oracle.dbtools.crest.swingui.relational.TVTable" oid="009CB5FC-7325-F0E8-8E62-1F5E8ECD67A9" otype="Table" vid="E3D8F4A2-8C1F-B1E3-38CD-F97887C6EA3C">
<hideElementsInCurrentOnly>false</hideElementsInCurrentOnly>
<bounds x="3110" y="2790" width="155" height="60"/>
</OView>
<OView class="oracle.dbtools.crest.swingui.relational.TVTable" oid="0F697EF3-C07E-3DD5-632A-A70E0FF476D3" otype="Table" vid="5ED261A1-CE4B-D4FC-3929-04263B60621D">
<hideElementsInCurrentOnly>false</hideElementsInCurrentOnly>
<bounds x="3440" y="2500" width="178" height="60"/>
</OView>
<OView class="oracle.dbtools.crest.swingui.relational.TVTable" oid="0FE98686-D1E7-E5EA-0D4F-DB388E584407" otype="Table" vid="500E0350-A46C-254C-B1FD-7D7360CBBF71">
<hideElementsInCurrentOnly>false</hideElementsInCurrentOnly>
<bounds x="1530" y="1740" width="174" height="74"/>
</OView>
<OView class="oracle.dbtools.crest.swingui.relational.TVTable" oid="12830E52-0252-6368-2185-E3D820DAEF33" otype="Table" vid="FB685F8B-04AE-8080-CFD2-CD8312853D3D">
<hideElementsInCurrentOnly>false</hideElementsInCurrentOnly>
<bounds x="2218" y="1666" width="331" height="360"/>
</OView>
<OView class="oracle.dbtools.crest.swingui.relational.TVTable" oid="12830E52-0252-6368-2185-E3D820DAEF33" otype="Table" vid="E5D797B9-667B-89FA-DD15-E6D4B096F3B4" vnum="1">
<hideElementsInCurrentOnly>false</hideElementsInCurrentOnly>
<bounds x="2248" y="1696" width="310" height="230"/>
</OView>
<OView class="oracle.dbtools.crest.swingui.relational.TVTable" oid="12830E52-0252-6368-2185-E3D820DAEF33" otype="Table" vid="8DF37964-D769-7775-502E-8EAACEA8CB8A" vnum="2">
<hideElementsInCurrentOnly>false</hideElementsInCurrentOnly>
<bounds x="2248" y="1696" width="310" height="230"/>
</OView>
<OView class="oracle.dbtools.crest.swingui.relational.TVTable" oid="12830E52-0252-6368-2185-E3D820DAEF33" otype="Table" vid="8BE5E762-F693-49DB-591C-BA0BC5BDC003" vnum="3">
<hideElementsInCurrentOnly>false</hideElementsInCurrentOnly>
<bounds x="2248" y="1696" width="310" height="230"/>
</OView>
<OView class="oracle.dbtools.crest.swingui.relational.TVTable" oid="12830E52-0252-6368-2185-E3D820DAEF33" otype="Table" vid="BEE38FED-D3F9-F6AD-C4AE-6EDBD2B791A8" vnum="4">
<hideElementsInCurrentOnly>false</hideElementsInCurrentOnly>
<bounds x="2248" y="1696" width="310" height="230"/>
</OView>
<OView class="oracle.dbtools.crest.swingui.relational.TVTable" oid="12830E52-0252-6368-2185-E3D820DAEF33" otype="Table" vid="021D52A9-6C1E-2ABF-4953-51733EA604A6" vnum="5">
<hideElementsInCurrentOnly>false</hideElementsInCurrentOnly>
<bounds x="2248" y="1696" width="310" height="230"/>
</OView>
<OView class="oracle.dbtools.crest.swingui.relational.TVTable" oid="1FEF2282-C2A9-0F65-AF43-D494777C642A" otype="Table" vid="53C9546C-BD01-6393-D9E2-C025BB8EEE79">
<hideElementsInCurrentOnly>false</hideElementsInCurrentOnly>
<bounds x="1480" y="2010" width="220" height="88"/>
</OView>
<OView class="oracle.dbtools.crest.swingui.relational.TVTable" oid="23551919-A0B9-6EDD-EA9A-FF1FC8F5B015" otype="Table" vid="3BD16F8C-E6D9-1194-4E06-00C7E930545B">
<hideElementsInCurrentOnly>false</hideElementsInCurrentOnly>
<bounds x="3150" y="2250" width="201" height="60"/>
</OView>
<OView class="oracle.dbtools.crest.swingui.relational.TVTable" oid="30DB6C9F-9E2E-0CFC-A7CD-341716076134" otype="Table" vid="BBE4E3F9-A20A-ED91-CD1E-78A63BAFD27F">
<hideElementsInCurrentOnly>false</hideElementsInCurrentOnly>
<bounds x="1530" y="1840" width="162" height="60"/>
</OView>
<OView class="oracle.dbtools.crest.swingui.relational.TVTable" oid="30DB6C9F-9E2E-0CFC-A7CD-341716076134" otype="Table" vid="514E0EBC-3196-0921-25FF-80656B28B508" vnum="1">
<hideElementsInCurrentOnly>false</hideElementsInCurrentOnly>
<bounds x="1610" y="1695" width="162" height="60"/>
</OView>
<OView class="oracle.dbtools.crest.swingui.relational.TVTable" oid="368C33E4-F803-AC54-5A84-D04E676E4A4F" otype="Table" vid="241A5D17-8D31-134F-23C4-CE7B4E5553F3">
<hideElementsInCurrentOnly>false</hideElementsInCurrentOnly>
<bounds x="3250" y="1750" width="389" height="206"/>
</OView>
<OView class="oracle.dbtools.crest.swingui.relational.TVTable" oid="368C33E4-F803-AC54-5A84-D04E676E4A4F" otype="Table" vid="18673571-D756-3BC2-E402-F959B748857C" vnum="1">
<hideElementsInCurrentOnly>false</hideElementsInCurrentOnly>
<bounds x="3602" y="1828" width="310" height="178"/>
</OView>
<OView class="oracle.dbtools.crest.swingui.relational.TVTable" oid="368C33E4-F803-AC54-5A84-D04E676E4A4F" otype="Table" vid="790DA214-41A0-1CD8-A023-EF381995E640" vnum="2">
<hideElementsInCurrentOnly>false</hideElementsInCurrentOnly>
<bounds x="3602" y="1828" width="310" height="178"/>
</OView>
<OView class="oracle.dbtools.crest.swingui.relational.TVTable" oid="43572FFE-416C-D2B7-C6CE-6C03100AD022" otype="Table" vid="23AC54CA-8F7C-2F46-285E-EEA7E4EEAD0B">
<hideElementsInCurrentOnly>false</hideElementsInCurrentOnly>
<bounds x="1990" y="2340" width="269" height="304"/>
</OView>
<OView class="oracle.dbtools.crest.swingui.relational.TVTable" oid="43572FFE-416C-D2B7-C6CE-6C03100AD022" otype="Table" vid="69ACC6BE-00CF-1923-6034-DD61B629DA0E" vnum="1">
<hideElementsInCurrentOnly>false</hideElementsInCurrentOnly>
<bounds x="2294" y="2349" width="269" height="230"/>
</OView>
<OView class="oracle.dbtools.crest.swingui.relational.TVTable" oid="43572FFE-416C-D2B7-C6CE-6C03100AD022" otype="Table" vid="E06340DB-7447-95B5-F4F4-05E811B33ED4" vnum="2">
<hideElementsInCurrentOnly>false</hideElementsInCurrentOnly>
<bounds x="2294" y="2349" width="269" height="230"/>
</OView>
<OView class="oracle.dbtools.crest.swingui.relational.TVTable" oid="43572FFE-416C-D2B7-C6CE-6C03100AD022" otype="Table" vid="981F95AA-88F2-CFA7-ED72-BDF0B860B808" vnum="3">
<hideElementsInCurrentOnly>false</hideElementsInCurrentOnly>
<bounds x="2294" y="2349" width="269" height="230"/>
</OView>
<OView class="oracle.dbtools.crest.swingui.relational.TVTable" oid="43572FFE-416C-D2B7-C6CE-6C03100AD022" otype="Table" vid="EE5B7705-2E5D-E8C0-766F-2ABA03CE65ED" vnum="4">
<hideElementsInCurrentOnly>false</hideElementsInCurrentOnly>
<bounds x="2294" y="2349" width="269" height="230"/>
</OView>
<OView class="oracle.dbtools.crest.swingui.relational.TVTable" oid="43572FFE-416C-D2B7-C6CE-6C03100AD022" otype="Table" vid="61D5ADB2-6FD1-498C-F237-52A08B2AA57D" vnum="5">
<hideElementsInCurrentOnly>false</hideElementsInCurrentOnly>
<bounds x="2294" y="2349" width="269" height="230"/>
</OView>
<OView class="oracle.dbtools.crest.swingui.relational.TVTable" oid="43572FFE-416C-D2B7-C6CE-6C03100AD022" otype="Table" vid="F1E16C5E-A877-5CDC-75F5-A1339365C993" vnum="6">
<hideElementsInCurrentOnly>false</hideElementsInCurrentOnly>
<bounds x="2294" y="2349" width="269" height="230"/>
</OView>
<OView class="oracle.dbtools.crest.swingui.relational.TVTable" oid="56F160A9-06BC-9784-FD63-E0B8355A030E" otype="Table" vid="B0CB0726-78AC-9D38-5A54-189A73344F39">
<hideElementsInCurrentOnly>false</hideElementsInCurrentOnly>
<bounds x="1210" y="2030" width="162" height="60"/>
</OView>
<OView class="oracle.dbtools.crest.swingui.relational.TVTable" oid="65D81BA0-A2A2-88E3-E5D9-A132065B58E6" otype="Table" vid="2240E580-8B13-B870-62C6-B5BDAE1D084A">
<hideElementsInCurrentOnly>false</hideElementsInCurrentOnly>
<bounds x="2210" y="2100" width="162" height="74"/>
</OView>
<OView class="oracle.dbtools.crest.swingui.relational.TVTable" oid="67920B4B-E120-099B-9BC9-87EAAB1AF388" otype="Table" vid="30D598FD-1AD7-B918-9AFC-4EA4A6040377">
<hideElementsInCurrentOnly>false</hideElementsInCurrentOnly>
<bounds x="2690" y="2120" width="398" height="262"/>
</OView>
<OView class="oracle.dbtools.crest.swingui.relational.TVTable" oid="67920B4B-E120-099B-9BC9-87EAAB1AF388" otype="Table" vid="C4A50D3C-3E81-0347-E3AA-71159F6255F9" vnum="1">
<hideElementsInCurrentOnly>false</hideElementsInCurrentOnly>
<bounds x="3497" y="2304" width="310" height="230"/>
</OView>
<OView class="oracle.dbtools.crest.swingui.relational.TVTable" oid="67920B4B-E120-099B-9BC9-87EAAB1AF388" otype="Table" vid="C0C30932-6E81-AEB3-8B5C-9232C2D59CE9" vnum="2">
<hideElementsInCurrentOnly>false</hideElementsInCurrentOnly>
<bounds x="3497" y="2304" width="310" height="230"/>
</OView>
<OView class="oracle.dbtools.crest.swingui.relational.TVTable" oid="713652E5-AF4E-1D67-13E1-4A03FFE64BE5" otype="Table" vid="E3E4CCB6-8D97-F9B2-8978-1B0D2C9BB12D">
<hideElementsInCurrentOnly>false</hideElementsInCurrentOnly>
<bounds x="940" y="1890" width="162" height="74"/>
</OView>
<OView class="oracle.dbtools.crest.swingui.relational.TVTable" oid="713652E5-AF4E-1D67-13E1-4A03FFE64BE5" otype="Table" vid="7FAB7A21-A870-37FD-21B9-8ADE0FB96243" vnum="1">
<hideElementsInCurrentOnly>false</hideElementsInCurrentOnly>
<bounds x="3081" y="578" width="162" height="74"/>
</OView>
<OView class="oracle.dbtools.crest.swingui.relational.TVTable" oid="713652E5-AF4E-1D67-13E1-4A03FFE64BE5" otype="Table" vid="AFBA7209-2AA1-4DC0-E137-1E11A38EED8C" vnum="2">
<hideElementsInCurrentOnly>false</hideElementsInCurrentOnly>
<bounds x="3081" y="578" width="162" height="74"/>
</OView>
<OView class="oracle.dbtools.crest.swingui.relational.TVTable" oid="713652E5-AF4E-1D67-13E1-4A03FFE64BE5" otype="Table" vid="1684C8A3-AF46-3231-3AF6-734297493B11" vnum="3">
<hideElementsInCurrentOnly>false</hideElementsInCurrentOnly>
<bounds x="3081" y="578" width="162" height="74"/>
</OView>
<OView class="oracle.dbtools.crest.swingui.relational.TVTable" oid="8EA03695-34FC-5570-4E9C-4F0FF0A70DA4" otype="Table" vid="794E2DCB-4989-D94F-F475-B034D742D592">
<hideElementsInCurrentOnly>false</hideElementsInCurrentOnly>
<bounds x="1920" y="2030" width="187" height="102"/>
</OView>
<OView class="oracle.dbtools.crest.swingui.relational.TVTable" oid="8EA03695-34FC-5570-4E9C-4F0FF0A70DA4" otype="Table" vid="7C5D87C4-6009-A701-9A54-5180E46AD96D" vnum="1">
<hideElementsInCurrentOnly>false</hideElementsInCurrentOnly>
<bounds x="2275" y="2098" width="187" height="102"/>
</OView>
<OView class="oracle.dbtools.crest.swingui.relational.TVTable" oid="8EA03695-34FC-5570-4E9C-4F0FF0A70DA4" otype="Table" vid="577660B3-6CF0-F3EE-D567-48278A8D9752" vnum="2">
<hideElementsInCurrentOnly>false</hideElementsInCurrentOnly>
<bounds x="2275" y="2098" width="187" height="102"/>
</OView>
<OView class="oracle.dbtools.crest.swingui.relational.TVTable" oid="962D0C86-B106-B4AA-EA5B-B869463C9BAB" otype="Table" vid="BED9F8FE-6189-DA26-AC2A-EC8C713083CF">
<hideElementsInCurrentOnly>false</hideElementsInCurrentOnly>
<bounds x="2380" y="2660" width="307" height="206"/>
</OView>
<OView class="oracle.dbtools.crest.swingui.relational.TVTable" oid="9923DADA-49D9-C5FF-24A7-518257D1294B" otype="Table" vid="26FA3DA8-F6BC-AA9E-A840-644C6752D698">
<hideElementsInCurrentOnly>false</hideElementsInCurrentOnly>
<bounds x="930" y="1710" width="208" height="108"/>
</OView>
<OView class="oracle.dbtools.crest.swingui.relational.TVTable" oid="9923DADA-49D9-C5FF-24A7-518257D1294B" otype="Table" vid="CAB37C27-712D-AC50-60CF-88871B3974CA" vnum="1">
<hideElementsInCurrentOnly>false</hideElementsInCurrentOnly>
<bounds x="2704" y="562" width="208" height="108"/>
</OView>
<OView class="oracle.dbtools.crest.swingui.relational.TVTable" oid="9923DADA-49D9-C5FF-24A7-518257D1294B" otype="Table" vid="23777398-B11F-5598-6E63-5B4E863E83D8" vnum="2">
<hideElementsInCurrentOnly>false</hideElementsInCurrentOnly>
<bounds x="2704" y="562" width="208" height="108"/>
</OView>
<OView class="oracle.dbtools.crest.swingui.relational.TVTable" oid="9923DADA-49D9-C5FF-24A7-518257D1294B" otype="Table" vid="FB1A9C26-1CFD-1B5E-DC64-BAAA94B9BB28" vnum="3">
<hideElementsInCurrentOnly>false</hideElementsInCurrentOnly>
<bounds x="2704" y="562" width="208" height="108"/>
</OView>
<OView class="oracle.dbtools.crest.swingui.relational.TVTable" oid="99B45C15-ACED-CE2B-F38F-B6A5878B7839" otype="Table" vid="32E354CF-B992-DEE5-EE9B-C16D3A354F63">
<hideElementsInCurrentOnly>false</hideElementsInCurrentOnly>
<bounds x="1460" y="1360" width="303" height="192"/>
</OView>
<OView class="oracle.dbtools.crest.swingui.relational.TVTable" oid="99B45C15-ACED-CE2B-F38F-B6A5878B7839" otype="Table" vid="3DAA8C9D-5C73-1DCE-3158-EE7498A67204" vnum="1">
<hideElementsInCurrentOnly>false</hideElementsInCurrentOnly>
<bounds x="2250" y="1227" width="303" height="192"/>
</OView>
<OView class="oracle.dbtools.crest.swingui.relational.TVTable" oid="A351A0AE-899E-F1DF-D1A2-039F69F78186" otype="Table" vid="662DD0B7-B784-8885-AECD-28776FA1E782">
<hideElementsInCurrentOnly>false</hideElementsInCurrentOnly>
<bounds x="3760" y="1770" width="359" height="108"/>
</OView>
<OView class="oracle.dbtools.crest.swingui.relational.TVTable" oid="A9DA912A-540D-3123-B58C-3F2DFF0B9D0A" otype="Table" vid="C408A776-BCCA-F24F-0543-848A7FA14832">
<hideElementsInCurrentOnly>false</hideElementsInCurrentOnly>
<bounds x="2780" y="1600" width="233" height="60"/>
</OView>
<OView class="oracle.dbtools.crest.swingui.relational.TVTable" oid="B3C65835-56E3-0F3D-F6FA-14D1386AC0D1" otype="Table" vid="3DE2B105-45B1-BE9E-2E3A-7B9867AE19C7">
<hideElementsInCurrentOnly>false</hideElementsInCurrentOnly>
<bounds x="2650" y="1750" width="484" height="136"/>
</OView>
<OView class="oracle.dbtools.crest.swingui.relational.TVTable" oid="B3C65835-56E3-0F3D-F6FA-14D1386AC0D1" otype="Table" vid="5C1CC635-F4C1-615B-D48E-6241382DA2EA" vnum="1">
<hideElementsInCurrentOnly>false</hideElementsInCurrentOnly>
<bounds x="3066" y="1825" width="310" height="164"/>
</OView>
<OView class="oracle.dbtools.crest.swingui.relational.TVTable" oid="CA042E53-81E4-12F8-2134-ABD29BA8BFED" otype="Table" vid="5BF89F80-36D4-93E0-9E3C-BED1EB0B826D">
<hideElementsInCurrentOnly>false</hideElementsInCurrentOnly>
<bounds x="3220" y="2000" width="401" height="178"/>
</OView>
<OView class="oracle.dbtools.crest.swingui.relational.TVTable" oid="CCF41441-A1B4-6F05-174C-B54B1FFCAFC4" otype="Table" vid="BD01D8F2-0C22-A9B8-D8C3-FC82E2F6AF6E">
<hideElementsInCurrentOnly>false</hideElementsInCurrentOnly>
<bounds x="1480" y="2500" width="334" height="122"/>
</OView>
<OView class="oracle.dbtools.crest.swingui.relational.TVTable" oid="D00715F6-5130-2038-C424-09AF5D185C75" otype="Table" vid="1FF60049-BFD7-C143-BD3D-A955F67CDEE5">
<hideElementsInCurrentOnly>false</hideElementsInCurrentOnly>
<bounds x="3720" y="2040" width="186" height="60"/>
</OView>
<OView class="oracle.dbtools.crest.swingui.relational.TVTable" oid="EE777B01-90FB-B068-CE5B-25E50493FD8C" otype="Table" vid="82C83DCD-C867-E891-8811-4C66D3BAE956">
<hideElementsInCurrentOnly>false</hideElementsInCurrentOnly>
<bounds x="1020" y="2340" width="168" height="60"/>
</OView>
<OView class="oracle.dbtools.crest.swingui.relational.TVTable" oid="F2353CA8-D7D1-F3CA-9695-C703F9CAD7F9" otype="Table" vid="8B0D4F81-2109-6FBA-A29D-D5E7C07805B4">
<hideElementsInCurrentOnly>false</hideElementsInCurrentOnly>
<bounds x="980" y="2540" width="235" height="74"/>
</OView>
<OView class="oracle.dbtools.crest.swingui.relational.TVTable" oid="F4E96E82-EC09-116A-8332-C924B4376018" otype="Table" vid="DAC82FD1-C41D-0AED-C33D-C77E1E750ACC">
<hideElementsInCurrentOnly>false</hideElementsInCurrentOnly>
<bounds x="3000" y="2450" width="329" height="136"/>
</OView>
<OView class="oracle.dbtools.crest.swingui.relational.TVTable" oid="F4E96E82-EC09-116A-8332-C924B4376018" otype="Table" vid="FB2A887B-5D1E-5C00-7A33-49A98FE54E3E" vnum="1">
<hideElementsInCurrentOnly>false</hideElementsInCurrentOnly>
<bounds x="3615" y="2756" width="310" height="136"/>
</OView>
<OView class="oracle.dbtools.crest.swingui.relational.TVTable" oid="F4E96E82-EC09-116A-8332-C924B4376018" otype="Table" vid="CBBCEB3A-A197-4910-CC29-8AAF23BA75F8" vnum="2">
<hideElementsInCurrentOnly>false</hideElementsInCurrentOnly>
<bounds x="3615" y="2756" width="310" height="136"/>
</OView>
<OView class="oracle.dbtools.crest.swingui.relational.TVTable" oid="F7AF8BD7-781C-70F8-B3A2-9E26BC96DBCA" otype="Table" vid="6B5AEA36-4AE4-A664-EF50-03D788DAA327">
<hideElementsInCurrentOnly>false</hideElementsInCurrentOnly>
<bounds x="1480" y="2330" width="310" height="122"/>
</OView>
<OView class="oracle.dbtools.crest.swingui.relational.TVTable" oid="F8BC78C4-067C-D1D2-5ED3-015B1C8F6B56" otype="Table" vid="2FD2805E-F7C1-0834-1041-59841FA9D46A">
<hideElementsInCurrentOnly>false</hideElementsInCurrentOnly>
<bounds x="2020" y="2710" width="181" height="116"/>
</OView>
<OView class="oracle.dbtools.crest.swingui.relational.TVTable" oid="FFE2D5B4-8494-BE94-27C9-A411FE312AB9" otype="Table" vid="A0DDBCE0-680D-E003-9113-ECE07C13FB1D">
<hideElementsInCurrentOnly>false</hideElementsInCurrentOnly>
<bounds x="1820" y="1380" width="503" height="108"/>
</OView>
</objectViews>
<connectors>
<Connector class="oracle.dbtools.crest.swingui.relational.TVFKRelation" oid="0186D590-AECD-DB54-40FF-95BEB7E48F39" otype="FKIndexAssociation" vid_source="021D52A9-6C1E-2ABF-4953-51733EA604A6" vid_target="A0DDBCE0-680D-E003-9113-ECE07C13FB1D">
<hideElementsInCurrentOnly>false</hideElementsInCurrentOnly>
<backgroundColor>-16777216</backgroundColor>
<lineWidth>1</lineWidth>
<points>
<point x="2285" y="1696"/>
<point x="2285" y="1488"/>
</points>
</Connector>
<Connector class="oracle.dbtools.crest.swingui.relational.TVFKRelation" oid="025E3CBE-962C-86F5-4003-B6ECF8FE2583" otype="FKIndexAssociation" vid_source="5ED261A1-CE4B-D4FC-3929-04263B60621D" vid_target="DAC82FD1-C41D-0AED-C33D-C77E1E750ACC">
<hideElementsInCurrentOnly>false</hideElementsInCurrentOnly>
<backgroundColor>-16777216</backgroundColor>
<lineWidth>1</lineWidth>
<points>
<point x="3440" y="2530"/>
<point x="3329" y="2530"/>
</points>
</Connector>
<Connector class="oracle.dbtools.crest.swingui.relational.TVFKRelation" oid="048F56BB-EEB1-6EC9-BB06-C090B39C2CDD" otype="FKIndexAssociation" vid_source="514E0EBC-3196-0921-25FF-80656B28B508" vid_target="23AC54CA-8F7C-2F46-285E-EEA7E4EEAD0B">
<hideElementsInCurrentOnly>false</hideElementsInCurrentOnly>
<backgroundColor>-16777216</backgroundColor>
<lineWidth>1</lineWidth>
<points>
<point x="1707" y="1755"/>
<point x="2038" y="2340"/>
</points>
</Connector>
<Connector class="oracle.dbtools.crest.swingui.relational.TVFKRelation" oid="080360E9-16A3-6410-51A1-6AD839632303" otype="FKIndexAssociation" vid_source="7FAB7A21-A870-37FD-21B9-8ADE0FB96243" vid_target="23AC54CA-8F7C-2F46-285E-EEA7E4EEAD0B">
<hideElementsInCurrentOnly>false</hideElementsInCurrentOnly>
<backgroundColor>-16777216</backgroundColor>
<lineWidth>1</lineWidth>
<points>
<point x="3141" y="652"/>
<point x="2208" y="2340"/>
</points>
</Connector>
<Connector class="oracle.dbtools.crest.swingui.relational.TVFKRelation" oid="1E0C8270-88B9-A532-8A31-74E08E74A217" otype="FKIndexAssociation" vid_source="1684C8A3-AF46-3231-3AF6-734297493B11" vid_target="32E354CF-B992-DEE5-EE9B-C16D3A354F63">
<hideElementsInCurrentOnly>false</hideElementsInCurrentOnly>
<backgroundColor>-16777216</backgroundColor>
<lineWidth>1</lineWidth>
<points>
<point x="3093" y="652"/>
<point x="1763" y="1373"/>
</points>
</Connector>
<Connector class="oracle.dbtools.crest.swingui.relational.TVFKRelation" oid="21FC9856-ED8C-1F40-06AF-71871C7E9B18" otype="FKIndexAssociation" vid_source="C408A776-BCCA-F24F-0543-848A7FA14832" vid_target="3DE2B105-45B1-BE9E-2E3A-7B9867AE19C7">
<hideElementsInCurrentOnly>false</hideElementsInCurrentOnly>
<backgroundColor>-16777216</backgroundColor>
<lineWidth>1</lineWidth>
<points>
<point x="2911" y="1660"/>
<point x="2911" y="1750"/>
</points>
</Connector>
<Connector class="oracle.dbtools.crest.swingui.relational.TVFKRelation" oid="3662D788-D47B-0E7D-3FC0-6484A0408ACD" otype="FKIndexAssociation" vid_source="CAB37C27-712D-AC50-60CF-88871B3974CA" vid_target="FB685F8B-04AE-8080-CFD2-CD8312853D3D">
<hideElementsInCurrentOnly>false</hideElementsInCurrentOnly>
<backgroundColor>-16777216</backgroundColor>
<lineWidth>1</lineWidth>
<points>
<point x="2789" y="670"/>
<point x="2445" y="1666"/>
</points>
</Connector>
<Connector class="oracle.dbtools.crest.swingui.relational.TVFKRelation" oid="3F97C1BA-E8D9-4658-F6FC-647F817ACACF" otype="FKIndexAssociation" vid_source="8B0D4F81-2109-6FBA-A29D-D5E7C07805B4" vid_target="BD01D8F2-0C22-A9B8-D8C3-FC82E2F6AF6E">
<hideElementsInCurrentOnly>false</hideElementsInCurrentOnly>
<backgroundColor>-16777216</backgroundColor>
<lineWidth>1</lineWidth>
<points>
<point x="1215" y="2577"/>
<point x="1480" y="2577"/>
</points>
</Connector>
<Connector class="oracle.dbtools.crest.swingui.relational.TVFKRelation" oid="402A9179-5DD9-03EE-C3ED-B17003C60A4F" otype="FKIndexAssociation" vid_source="CBBCEB3A-A197-4910-CC29-8AAF23BA75F8" vid_target="30D598FD-1AD7-B918-9AFC-4EA4A6040377">
<hideElementsInCurrentOnly>false</hideElementsInCurrentOnly>
<backgroundColor>-16777216</backgroundColor>
<lineWidth>1</lineWidth>
<points>
<point x="3665" y="2756"/>
<point x="3088" y="2365"/>
</points>
</Connector>
<Connector class="oracle.dbtools.crest.swingui.relational.TVFKRelation" oid="40CEB241-18EF-0DB8-DBF1-7FDE496F5633" otype="FKIndexAssociation" vid_source="3DAA8C9D-5C73-1DCE-3158-EE7498A67204" vid_target="A0DDBCE0-680D-E003-9113-ECE07C13FB1D">
<hideElementsInCurrentOnly>false</hideElementsInCurrentOnly>
<backgroundColor>-16777216</backgroundColor>
<lineWidth>1</lineWidth>
<points>
<point x="2250" y="1399"/>
<point x="2323" y="1399"/>
</points>
</Connector>
<Connector class="oracle.dbtools.crest.swingui.relational.TVFKRelation" oid="4680F8B3-A8CB-C5E0-9CD7-C40E878CB75A" otype="FKIndexAssociation" vid_source="E3D8F4A2-8C1F-B1E3-38CD-F97887C6EA3C" vid_target="BED9F8FE-6189-DA26-AC2A-EC8C713083CF">
<hideElementsInCurrentOnly>false</hideElementsInCurrentOnly>
<backgroundColor>-16777216</backgroundColor>
<lineWidth>1</lineWidth>
<points>
<point x="3110" y="2835"/>
<point x="2693" y="2835"/>
</points>
</Connector>
<Connector class="oracle.dbtools.crest.swingui.relational.TVFKRelation" oid="490FCDC7-2F21-8E09-D80E-A51B19A309A0" otype="FKIndexAssociation" vid_source="C0C30932-6E81-AEB3-8B5C-9232C2D59CE9" vid_target="241A5D17-8D31-134F-23C4-CE7B4E5553F3">
<hideElementsInCurrentOnly>false</hideElementsInCurrentOnly>
<backgroundColor>-16777216</backgroundColor>
<lineWidth>1</lineWidth>
<points>
<point x="3568" y="2304"/>
<point x="3568" y="1956"/>
</points>
</Connector>
<Connector class="oracle.dbtools.crest.swingui.relational.TVFKRelation" oid="4C54A250-E1E5-C2B3-D849-173AF18633D6" otype="FKIndexAssociation" vid_source="FB685F8B-04AE-8080-CFD2-CD8312853D3D" vid_target="BED9F8FE-6189-DA26-AC2A-EC8C713083CF">
<hideElementsInCurrentOnly>false</hideElementsInCurrentOnly>
<backgroundColor>-16777216</backgroundColor>
<lineWidth>1</lineWidth>
<points>
<point x="2464" y="2026"/>
<point x="2464" y="2660"/>
</points>
</Connector>
<Connector class="oracle.dbtools.crest.swingui.relational.TVFKRelation" oid="4CDD4452-ECA3-4113-806E-A50C7281CD98" otype="FKIndexAssociation" vid_source="7C5D87C4-6009-A701-9A54-5180E46AD96D" vid_target="53C9546C-BD01-6393-D9E2-C025BB8EEE79">
<hideElementsInCurrentOnly>false</hideElementsInCurrentOnly>
<backgroundColor>-16777216</backgroundColor>
<lineWidth>1</lineWidth>
<points>
<point x="2275" y="2098"/>
<point x="1700" y="2098"/>
</points>
</Connector>
<Connector class="oracle.dbtools.crest.swingui.relational.TVFKRelation" oid="55678EFF-1AA2-1C7E-5D72-DBA950B83847" otype="FKIndexAssociation" vid_source="2240E580-8B13-B870-62C6-B5BDAE1D084A" vid_target="23AC54CA-8F7C-2F46-285E-EEA7E4EEAD0B">
<hideElementsInCurrentOnly>false</hideElementsInCurrentOnly>
<backgroundColor>-16777216</backgroundColor>
<lineWidth>1</lineWidth>
<points>
<point x="2210" y="2140"/>
<point x="2180" y="2140"/>
<point x="2180" y="2340"/>
</points>
</Connector>
<Connector class="oracle.dbtools.crest.swingui.relational.TVFKRelation" oid="59C38708-E77E-4D53-0A67-4D15566940F3" otype="FKIndexAssociation" vid_source="82C83DCD-C867-E891-8811-4C66D3BAE956" vid_target="6B5AEA36-4AE4-A664-EF50-03D788DAA327">
<hideElementsInCurrentOnly>false</hideElementsInCurrentOnly>
<backgroundColor>-16777216</backgroundColor>
<lineWidth>1</lineWidth>
<points>
<point x="1188" y="2370"/>
<point x="1480" y="2370"/>
</points>
</Connector>
<Connector class="oracle.dbtools.crest.swingui.relational.TVFKRelation" oid="5B2C709A-0DE0-6972-1139-81D0A1154CCC" otype="FKIndexAssociation" vid_source="E3E4CCB6-8D97-F9B2-8978-1B0D2C9BB12D" vid_target="FB685F8B-04AE-8080-CFD2-CD8312853D3D">
<hideElementsInCurrentOnly>false</hideElementsInCurrentOnly>
<backgroundColor>-16777216</backgroundColor>
<lineWidth>1</lineWidth>
<points>
<point x="1102" y="1927"/>
<point x="2218" y="1927"/>
</points>
</Connector>
<Connector class="oracle.dbtools.crest.swingui.relational.TVFKRelation" oid="5C7E565F-161B-2050-96A3-1D60298951F6" otype="FKIndexAssociation" vid_source="69ACC6BE-00CF-1923-6034-DD61B629DA0E" vid_target="30D598FD-1AD7-B918-9AFC-4EA4A6040377">
<hideElementsInCurrentOnly>false</hideElementsInCurrentOnly>
<backgroundColor>-16777216</backgroundColor>
<lineWidth>1</lineWidth>
<points>
<point x="2563" y="2365"/>
<point x="2690" y="2365"/>
</points>
</Connector>
<Connector class="oracle.dbtools.crest.swingui.relational.TVFKRelation" oid="5D58853C-2D14-6EB2-6841-959355971C32" otype="FKIndexAssociation" vid_source="EE5B7705-2E5D-E8C0-766F-2ABA03CE65ED" vid_target="5BF89F80-36D4-93E0-9E3C-BED1EB0B826D">
<hideElementsInCurrentOnly>false</hideElementsInCurrentOnly>
<backgroundColor>-16777216</backgroundColor>
<lineWidth>1</lineWidth>
<points>
<point x="2563" y="2413"/>
<point x="3220" y="2164"/>
</points>
</Connector>
<Connector class="oracle.dbtools.crest.swingui.relational.TVFKRelation" oid="76C23B55-7780-82EB-761E-8A63797EE394" otype="FKIndexAssociation" vid_source="B0CB0726-78AC-9D38-5A54-189A73344F39" vid_target="53C9546C-BD01-6393-D9E2-C025BB8EEE79">
<hideElementsInCurrentOnly>false</hideElementsInCurrentOnly>
<backgroundColor>-16777216</backgroundColor>
<lineWidth>1</lineWidth>
<points>
<point x="1372" y="2060"/>
<point x="1480" y="2060"/>
</points>
</Connector>
<Connector class="oracle.dbtools.crest.swingui.relational.TVFKRelation" oid="78EDAC95-8591-1E3A-2A8A-3E5159796983" otype="FKIndexAssociation" vid_source="E5D797B9-667B-89FA-DD15-E6D4B096F3B4" vid_target="30D598FD-1AD7-B918-9AFC-4EA4A6040377">
<hideElementsInCurrentOnly>false</hideElementsInCurrentOnly>
<backgroundColor>-16777216</backgroundColor>
<lineWidth>1</lineWidth>
<points>
<point x="2530" y="1926"/>
<point x="2744" y="2120"/>
</points>
</Connector>
<Connector class="oracle.dbtools.crest.swingui.relational.TVFKRelation" oid="7995268D-0E9B-8264-3F10-B22A57035268" otype="FKIndexAssociation" vid_source="23777398-B11F-5598-6E63-5B4E863E83D8" vid_target="23AC54CA-8F7C-2F46-285E-EEA7E4EEAD0B">
<hideElementsInCurrentOnly>false</hideElementsInCurrentOnly>
<backgroundColor>-16777216</backgroundColor>
<lineWidth>1</lineWidth>
<points>
<point x="2788" y="670"/>
<point x="2179" y="2340"/>
</points>
</Connector>
<Connector class="oracle.dbtools.crest.swingui.relational.TVFKRelation" oid="827E2C3C-0A6E-2757-60F7-ACA34918B501" otype="FKIndexAssociation" vid_source="2FD2805E-F7C1-0834-1041-59841FA9D46A" vid_target="23AC54CA-8F7C-2F46-285E-EEA7E4EEAD0B">
<hideElementsInCurrentOnly>false</hideElementsInCurrentOnly>
<backgroundColor>-16777216</backgroundColor>
<lineWidth>1</lineWidth>
<points>
<point x="2110" y="2710"/>
<point x="2110" y="2644"/>
</points>
</Connector>
<Connector class="oracle.dbtools.crest.swingui.relational.TVFKRelation" oid="83CE8E39-6081-D4EB-CC3A-0E2D8DFBC89B" otype="FKIndexAssociation" vid_source="577660B3-6CF0-F3EE-D567-48278A8D9752" vid_target="23AC54CA-8F7C-2F46-285E-EEA7E4EEAD0B">
<hideElementsInCurrentOnly>false</hideElementsInCurrentOnly>
<backgroundColor>-16777216</backgroundColor>
<lineWidth>1</lineWidth>
<points>
<point x="2332" y="2200"/>
<point x="2232" y="2340"/>
</points>
</Connector>
<Connector class="oracle.dbtools.crest.swingui.relational.TVFKRelation" oid="8B7DDF17-7557-B56B-B2BB-4B603538B7F7" otype="FKIndexAssociation" vid_source="F1E16C5E-A877-5CDC-75F5-A1339365C993" vid_target="6B5AEA36-4AE4-A664-EF50-03D788DAA327">
<hideElementsInCurrentOnly>false</hideElementsInCurrentOnly>
<backgroundColor>-16777216</backgroundColor>
<lineWidth>1</lineWidth>
<points>
<point x="2294" y="2400"/>
<point x="1790" y="2400"/>
</points>
</Connector>
<Connector class="oracle.dbtools.crest.swingui.relational.TVFKRelation" oid="8E0F87CE-54A3-9F24-0D80-A31EF16A94EF" otype="FKIndexAssociation" vid_source="BEE38FED-D3F9-F6AD-C4AE-6EDBD2B791A8" vid_target="3DE2B105-45B1-BE9E-2E3A-7B9867AE19C7">
<hideElementsInCurrentOnly>false</hideElementsInCurrentOnly>
<backgroundColor>-16777216</backgroundColor>
<lineWidth>1</lineWidth>
<points>
<point x="2558" y="1818"/>
<point x="2650" y="1818"/>
</points>
</Connector>
<Connector class="oracle.dbtools.crest.swingui.relational.TVFKRelation" oid="8E4E7BC5-5DF1-C675-655C-7435AD6FEC54" otype="FKIndexAssociation" vid_source="BBE4E3F9-A20A-ED91-CD1E-78A63BAFD27F" vid_target="FB685F8B-04AE-8080-CFD2-CD8312853D3D">
<hideElementsInCurrentOnly>false</hideElementsInCurrentOnly>
<backgroundColor>-16777216</backgroundColor>
<lineWidth>1</lineWidth>
<points>
<point x="1692" y="1870"/>
<point x="2218" y="1870"/>
</points>
</Connector>
<Connector class="oracle.dbtools.crest.swingui.relational.TVFKRelation" oid="9B94518B-26B8-BA21-5155-C704EC9734E1" otype="FKIndexAssociation" vid_source="500E0350-A46C-254C-B1FD-7D7360CBBF71" vid_target="FB685F8B-04AE-8080-CFD2-CD8312853D3D">
<hideElementsInCurrentOnly>false</hideElementsInCurrentOnly>
<backgroundColor>-16777216</backgroundColor>
<lineWidth>1</lineWidth>
<points>
<point x="1704" y="1777"/>
<point x="2218" y="1777"/>
</points>
</Connector>
<Connector class="oracle.dbtools.crest.swingui.relational.TVFKRelation" oid="A719E8E7-2AB7-4D42-01C9-A4C165C7AB31" otype="FKIndexAssociation" vid_source="794E2DCB-4989-D94F-F475-B034D742D592" vid_target="FB685F8B-04AE-8080-CFD2-CD8312853D3D">
<hideElementsInCurrentOnly>false</hideElementsInCurrentOnly>
<backgroundColor>-16777216</backgroundColor>
<lineWidth>1</lineWidth>
<points>
<point x="2093" y="2030"/>
<point x="2218" y="1999"/>
</points>
</Connector>
<Connector class="oracle.dbtools.crest.swingui.relational.TVFKRelation" oid="AC2D7CA3-60D8-F4B8-3CA1-29ED05420210" otype="FKIndexAssociation" vid_source="FB1A9C26-1CFD-1B5E-DC64-BAAA94B9BB28" vid_target="32E354CF-B992-DEE5-EE9B-C16D3A354F63">
<hideElementsInCurrentOnly>false</hideElementsInCurrentOnly>
<backgroundColor>-16777216</backgroundColor>
<lineWidth>1</lineWidth>
<points>
<point x="2731" y="670"/>
<point x="1748" y="1360"/>
</points>
</Connector>
<Connector class="oracle.dbtools.crest.swingui.relational.TVFKRelation" oid="B86619F3-C512-D438-6BB7-A357BBB8AEB4" otype="FKIndexAssociation" vid_source="18673571-D756-3BC2-E402-F959B748857C" vid_target="662DD0B7-B784-8885-AECD-28776FA1E782">
<hideElementsInCurrentOnly>false</hideElementsInCurrentOnly>
<backgroundColor>-16777216</backgroundColor>
<lineWidth>1</lineWidth>
<points>
<point x="3912" y="1853"/>
<point x="3760" y="1853"/>
</points>
</Connector>
<Connector class="oracle.dbtools.crest.swingui.relational.TVFKRelation" oid="B92CEF9A-6473-FACC-8CD3-193B2620ECD0" otype="FKIndexAssociation" vid_source="790DA214-41A0-1CD8-A023-EF381995E640" vid_target="5BF89F80-36D4-93E0-9E3C-BED1EB0B826D">
<hideElementsInCurrentOnly>false</hideElementsInCurrentOnly>
<backgroundColor>-16777216</backgroundColor>
<lineWidth>1</lineWidth>
<points>
<point x="3602" y="2003"/>
<point x="3621" y="2003"/>
</points>
</Connector>
<Connector class="oracle.dbtools.crest.swingui.relational.TVFKRelation" oid="C0407828-9FC1-7385-7425-BC551DC0427E" otype="FKIndexAssociation" vid_source="3BD16F8C-E6D9-1194-4E06-00C7E930545B" vid_target="30D598FD-1AD7-B918-9AFC-4EA4A6040377">
<hideElementsInCurrentOnly>false</hideElementsInCurrentOnly>
<backgroundColor>-16777216</backgroundColor>
<lineWidth>1</lineWidth>
<points>
<point x="3150" y="2280"/>
<point x="3088" y="2280"/>
</points>
</Connector>
<Connector class="oracle.dbtools.crest.swingui.relational.TVFKRelation" oid="D275FBB5-1315-772B-6800-16DEBE49EC4F" otype="FKIndexAssociation" vid_source="FB2A887B-5D1E-5C00-7A33-49A98FE54E3E" vid_target="23AC54CA-8F7C-2F46-285E-EEA7E4EEAD0B">
<hideElementsInCurrentOnly>false</hideElementsInCurrentOnly>
<backgroundColor>-16777216</backgroundColor>
<lineWidth>1</lineWidth>
<points>
<point x="3615" y="2792"/>
<point x="2259" y="2519"/>
</points>
</Connector>
<Connector class="oracle.dbtools.crest.swingui.relational.TVFKRelation" oid="D3960758-82AF-8055-095C-5E166206AA7C" otype="FKIndexAssociation" vid_source="AFBA7209-2AA1-4DC0-E137-1E11A38EED8C" vid_target="26FA3DA8-F6BC-AA9E-A840-644C6752D698">
<hideElementsInCurrentOnly>false</hideElementsInCurrentOnly>
<backgroundColor>-16777216</backgroundColor>
<lineWidth>1</lineWidth>
<points>
<point x="3093" y="652"/>
<point x="1134" y="1710"/>
</points>
</Connector>
<Connector class="oracle.dbtools.crest.swingui.relational.TVFKRelation" oid="D4538E42-69D8-E848-62F7-5C561FEA11E9" otype="FKIndexAssociation" vid_source="1FF60049-BFD7-C143-BD3D-A955F67CDEE5" vid_target="5BF89F80-36D4-93E0-9E3C-BED1EB0B826D">
<hideElementsInCurrentOnly>false</hideElementsInCurrentOnly>
<backgroundColor>-16777216</backgroundColor>
<lineWidth>1</lineWidth>
<points>
<point x="3720" y="2070"/>
<point x="3621" y="2070"/>
</points>
</Connector>
<Connector class="oracle.dbtools.crest.swingui.relational.TVFKRelation" oid="D481D9E9-53C8-226F-4230-038011133AFE" otype="FKIndexAssociation" vid_source="5C1CC635-F4C1-615B-D48E-6241382DA2EA" vid_target="241A5D17-8D31-134F-23C4-CE7B4E5553F3">
<hideElementsInCurrentOnly>false</hideElementsInCurrentOnly>
<backgroundColor>-16777216</backgroundColor>
<lineWidth>1</lineWidth>
<points>
<point x="3376" y="1905"/>
<point x="3250" y="1905"/>
</points>
</Connector>
<Connector class="oracle.dbtools.crest.swingui.relational.TVFKRelation" oid="D9D11A05-0BD7-7849-029F-E49B6105B86C" otype="FKIndexAssociation" vid_source="61D5ADB2-6FD1-498C-F237-52A08B2AA57D" vid_target="BD01D8F2-0C22-A9B8-D8C3-FC82E2F6AF6E">
<hideElementsInCurrentOnly>false</hideElementsInCurrentOnly>
<backgroundColor>-16777216</backgroundColor>
<lineWidth>1</lineWidth>
<points>
<point x="2294" y="2539"/>
<point x="1814" y="2539"/>
</points>
</Connector>
<Connector class="oracle.dbtools.crest.swingui.relational.TVFKRelation" oid="DAB7D0D1-5C76-1988-16E5-9861EB17F5A3" otype="FKIndexAssociation" vid_source="23AC54CA-8F7C-2F46-285E-EEA7E4EEAD0B" vid_target="BED9F8FE-6189-DA26-AC2A-EC8C713083CF">
<hideElementsInCurrentOnly>false</hideElementsInCurrentOnly>
<backgroundColor>-16777216</backgroundColor>
<lineWidth>1</lineWidth>
<points>
<point x="2259" y="2570"/>
<point x="2420" y="2570"/>
<point x="2420" y="2660"/>
</points>
</Connector>
<Connector class="oracle.dbtools.crest.swingui.relational.TVFKRelation" oid="ED506800-AD52-DBBD-C6F1-0365334D4069" otype="FKIndexAssociation" vid_source="23AC54CA-8F7C-2F46-285E-EEA7E4EEAD0B" vid_target="241A5D17-8D31-134F-23C4-CE7B4E5553F3">
<hideElementsInCurrentOnly>false</hideElementsInCurrentOnly>
<backgroundColor>-16777216</backgroundColor>
<lineWidth>1</lineWidth>
<points>
<point x="2259" y="2426"/>
<point x="3250" y="1861"/>
</points>
</Connector>
<Connector class="oracle.dbtools.crest.swingui.relational.TVFKRelation" oid="F8313B4D-0ED4-916B-F14C-51194D3C554C" otype="FKIndexAssociation" vid_source="2240E580-8B13-B870-62C6-B5BDAE1D084A" vid_target="FB685F8B-04AE-8080-CFD2-CD8312853D3D">
<hideElementsInCurrentOnly>false</hideElementsInCurrentOnly>
<backgroundColor>-16777216</backgroundColor>
<lineWidth>1</lineWidth>
<points>
<point x="2295" y="2100"/>
<point x="2295" y="2026"/>
</points>
</Connector>
</connectors>
</Diagram>