<?xml version = '1.0' encoding = 'UTF-8'?>
<Table class="oracle.dbtools.crest.model.design.relational.Table" directorySegmentName="seg_0" id="009CB5FC-7325-F0E8-8E62-1F5E8ECD67A9" name="EXAM_TYPE">
<createdBy>luism</createdBy>
<createdTime>2025-02-17 20:23:39 UTC</createdTime>
<ownerDesignName>HDB-COMPUNET</ownerDesignName>
<ordsAlias>table_43</ordsAlias>
<allowColumnReorder>false</allowColumnReorder>
<existDependencyGenerateInDDl>true</existDependencyGenerateInDDl>
<parsed>true</parsed>
<columns itemClass="oracle.dbtools.crest.model.design.relational.Column">
<Column name="name" id="469782FB-84CC-4E1A-194B-5BD1332F4782">
<createdBy>luism</createdBy>
<createdTime>2025-02-17 20:23:48 UTC</createdTime>
<ownerDesignName>HDB-COMPUNET</ownerDesignName>
<use>0</use>
<ownDataTypeParameters>,,</ownDataTypeParameters>
<autoIncrementCycle>false</autoIncrementCycle>
</Column>
</columns>
<indexes itemClass="oracle.dbtools.crest.model.design.relational.Index">
<ind_PK_UK id="A2B54AF6-2909-2DB7-D9F3-5281A4C75EF8" name="EXAM_TYPE_PK">
<createdBy>luism</createdBy>
<createdTime>2025-02-17 20:23:48 UTC</createdTime>
<ownerDesignName>HDB-COMPUNET</ownerDesignName>
<pk>true</pk>
<indexState>Primary Constraint</indexState>
<isSurrogateKey>false</isSurrogateKey>
<indexColumnUsage>
<colUsage columnID="469782FB-84CC-4E1A-194B-5BD1332F4782"/>
</indexColumnUsage>
</ind_PK_UK>
</indexes>
</Table>