<?xml version = '1.0' encoding = 'UTF-8'?>
<Table class="oracle.dbtools.crest.model.design.relational.Table" directorySegmentName="seg_0" id="0F697EF3-C07E-3DD5-632A-A70E0FF476D3" name="LOCATION_TYPE">
<createdBy>luism</createdBy>
<createdTime>2025-02-17 20:03:04 UTC</createdTime>
<ownerDesignName>HDB-COMPUNET</ownerDesignName>
<ordsAlias>table_39</ordsAlias>
<allowColumnReorder>false</allowColumnReorder>
<existDependencyGenerateInDDl>true</existDependencyGenerateInDDl>
<parsed>true</parsed>
<columns itemClass="oracle.dbtools.crest.model.design.relational.Column">
<Column name="name" id="11F78843-586B-A665-96E4-7D4E963FD857">
<createdBy>luism</createdBy>
<createdTime>2025-02-17 20:03:21 UTC</createdTime>
<ownerDesignName>HDB-COMPUNET</ownerDesignName>
<useDomainConstraints>false</useDomainConstraints>
<use>1</use>
<logicalDatatype>LOGDT024</logicalDatatype>
<dataTypeSize>30</dataTypeSize>
<ownDataTypeParameters>30,,</ownDataTypeParameters>
<autoIncrementCycle>false</autoIncrementCycle>
</Column>
</columns>
<indexes itemClass="oracle.dbtools.crest.model.design.relational.Index">
<ind_PK_UK id="99DEE4DA-F81A-E65F-B99D-AB1C45DDAC47" name="LOCATION_TYPE_PK">
<createdBy>luism</createdBy>
<createdTime>2025-02-17 20:03:21 UTC</createdTime>
<ownerDesignName>HDB-COMPUNET</ownerDesignName>
<pk>true</pk>
<indexState>Primary Constraint</indexState>
<isSurrogateKey>false</isSurrogateKey>
<indexColumnUsage>
<colUsage columnID="11F78843-586B-A665-96E4-7D4E963FD857"/>
</indexColumnUsage>
</ind_PK_UK>
</indexes>
</Table>