<?xml version = '1.0' encoding = 'UTF-8'?>
<Table class="oracle.dbtools.crest.model.design.relational.Table" directorySegmentName="seg_0" id="0FE98686-D1E7-E5EA-0D4F-DB388E584407" name="PREPAID_MEDICINE">
<createdBy>luism</createdBy>
<createdTime>2025-02-16 17:19:27 UTC</createdTime>
<ownerDesignName>HDB-COMPUNET</ownerDesignName>
<ordsAlias>table_3</ordsAlias>
<allowColumnReorder>false</allowColumnReorder>
<existDependencyGenerateInDDl>true</existDependencyGenerateInDDl>
<parsed>true</parsed>
<columns itemClass="oracle.dbtools.crest.model.design.relational.Column">
<Column name="id" id="C6A49C68-31AE-ED30-B9DD-42FC95AC4453">
<createdBy>luism</createdBy>
<createdTime>2025-02-16 17:19:51 UTC</createdTime>
<ownerDesignName>HDB-COMPUNET</ownerDesignName>
<useDomainConstraints>false</useDomainConstraints>
<use>1</use>
<logicalDatatype>LOGDT024</logicalDatatype>
<dataTypeSize>30</dataTypeSize>
<ownDataTypeParameters>30,,</ownDataTypeParameters>
<autoIncrementCycle>false</autoIncrementCycle>
</Column>
<Column name="name" id="FDC078D2-D62E-318A-ED06-008D4F7A8C3F">
<createdBy>luism</createdBy>
<createdTime>2025-02-16 17:19:51 UTC</createdTime>
<ownerDesignName>HDB-COMPUNET</ownerDesignName>
<nullsAllowed>true</nullsAllowed>
<useDomainConstraints>false</useDomainConstraints>
<use>1</use>
<logicalDatatype>LOGDT024</logicalDatatype>
<dataTypeSize>40</dataTypeSize>
<ownDataTypeParameters>40,,</ownDataTypeParameters>
<autoIncrementCycle>false</autoIncrementCycle>
</Column>
</columns>
<indexes itemClass="oracle.dbtools.crest.model.design.relational.Index">
<ind_PK_UK id="561872A5-A04B-CB01-3E49-1FA23A824139" name="PREPAID_MEDICINE_PK">
<createdBy>luism</createdBy>
<createdTime>2025-02-16 17:19:51 UTC</createdTime>
<ownerDesignName>HDB-COMPUNET</ownerDesignName>
<pk>true</pk>
<indexState>Primary Constraint</indexState>
<isSurrogateKey>false</isSurrogateKey>
<indexColumnUsage>
<colUsage columnID="C6A49C68-31AE-ED30-B9DD-42FC95AC4453"/>
</indexColumnUsage>
</ind_PK_UK>
</indexes>
</Table>