<?xml version = '1.0' encoding = 'UTF-8'?>
<Table class="oracle.dbtools.crest.model.design.relational.Table" directorySegmentName="seg_0" id="12830E52-0252-6368-2185-E3D820DAEF33" name="PATIENT">
<createdBy>luism</createdBy>
<createdTime>2025-02-16 17:16:24 UTC</createdTime>
<ownerDesignName>HDB-COMPUNET</ownerDesignName>
<ordsAlias>table_1</ordsAlias>
<allowColumnReorder>false</allowColumnReorder>
<existDependencyGenerateInDDl>true</existDependencyGenerateInDDl>
<parsed>true</parsed>
<columns itemClass="oracle.dbtools.crest.model.design.relational.Column">
<Column name="id" id="2ACB6C1E-99D3-9472-EAE9-E641E1A7E1C8">
<createdBy>luism</createdBy>
<createdTime>2025-02-16 17:17:14 UTC</createdTime>
<ownerDesignName>HDB-COMPUNET</ownerDesignName>
<useDomainConstraints>false</useDomainConstraints>
<use>1</use>
<logicalDatatype>LOGDT024</logicalDatatype>
<ownDataTypeParameters>,,</ownDataTypeParameters>
<autoIncrementCycle>false</autoIncrementCycle>
</Column>
<Column name="first_name" id="121A04DE-3B00-5EE8-5713-7344E236DE54">
<createdBy>luism</createdBy>
<createdTime>2025-02-16 17:17:14 UTC</createdTime>
<ownerDesignName>HDB-COMPUNET</ownerDesignName>
<useDomainConstraints>false</useDomainConstraints>
<use>1</use>
<logicalDatatype>LOGDT024</logicalDatatype>
<dataTypeSize>100</dataTypeSize>
<ownDataTypeParameters>100,,</ownDataTypeParameters>
<autoIncrementCycle>false</autoIncrementCycle>
</Column>
<Column name="last_name" id="E26CCD12-5E9C-0621-93D8-7B4B3FD573EC">
<createdBy>luism</createdBy>
<createdTime>2025-02-16 17:17:14 UTC</createdTime>
<ownerDesignName>HDB-COMPUNET</ownerDesignName>
<useDomainConstraints>false</useDomainConstraints>
<use>1</use>
<logicalDatatype>LOGDT024</logicalDatatype>
<dataTypeSize>100</dataTypeSize>
<ownDataTypeParameters>100,,</ownDataTypeParameters>
<autoIncrementCycle>false</autoIncrementCycle>
</Column>
<Column name="date_of_birth" id="6D98D6C5-0442-A3C2-FE2E-FC342D76106F">
<createdBy>luism</createdBy>
<createdTime>2025-02-16 17:17:14 UTC</createdTime>
<ownerDesignName>HDB-COMPUNET</ownerDesignName>
<useDomainConstraints>false</useDomainConstraints>
<use>1</use>
<logicalDatatype>LOGDT007</logicalDatatype>
<ownDataTypeParameters>,,</ownDataTypeParameters>
<autoIncrementCycle>false</autoIncrementCycle>
</Column>
<Column name="address" id="4BBC4BF5-FFA2-B3CA-5376-78A17762179A">
<createdBy>luism</createdBy>
<createdTime>2025-02-16 17:17:14 UTC</createdTime>
<ownerDesignName>HDB-COMPUNET</ownerDesignName>
<useDomainConstraints>false</useDomainConstraints>
<use>1</use>
<logicalDatatype>LOGDT024</logicalDatatype>
<dataTypeSize>200</dataTypeSize>
<ownDataTypeParameters>200,,</ownDataTypeParameters>
<autoIncrementCycle>false</autoIncrementCycle>
</Column>
<Column name="phone" id="827B4F6F-8C52-7A4E-0989-BD689EC5BC21">
<createdBy>luism</createdBy>
<createdTime>2025-02-16 17:17:14 UTC</createdTime>
<ownerDesignName>HDB-COMPUNET</ownerDesignName>
<useDomainConstraints>false</useDomainConstraints>
<use>1</use>
<logicalDatatype>LOGDT024</logicalDatatype>
<dataTypeSize>20</dataTypeSize>
<ownDataTypeParameters>20,,</ownDataTypeParameters>
<autoIncrementCycle>false</autoIncrementCycle>
</Column>
<Column name="email" id="9287CD40-5E95-EC8E-5963-C5D65D4ADFBE">
<createdBy>luism</createdBy>
<createdTime>2025-02-16 17:17:14 UTC</createdTime>
<ownerDesignName>HDB-COMPUNET</ownerDesignName>
<useDomainConstraints>false</useDomainConstraints>
<use>1</use>
<logicalDatatype>LOGDT024</logicalDatatype>
<dataTypeSize>100</dataTypeSize>
<ownDataTypeParameters>100,,</ownDataTypeParameters>
<autoIncrementCycle>false</autoIncrementCycle>
</Column>
<Column name="EPS_id" id="61075101-76C7-BF30-F391-DF78AD905802">
<createdBy>luism</createdBy>
<createdTime>2025-02-16 17:19:19 UTC</createdTime>
<ownerDesignName>HDB-COMPUNET</ownerDesignName>
<useDomainConstraints>false</useDomainConstraints>
<use>1</use>
<logicalDatatype>LOGDT024</logicalDatatype>
<dataTypeSize>30</dataTypeSize>
<ownDataTypeParameters>30,,</ownDataTypeParameters>
<previousColumn>false</previousColumn>
<autoIncrementCycle>false</autoIncrementCycle>
<associations>
<colAssociation fkAssociation="F8313B4D-0ED4-916B-F14C-51194D3C554C" referredColumn="79D54CB7-B35E-F039-9420-4BFD5430B631"/>
</associations>
</Column>
<Column name="PREPAID_MEDICINE_id" id="B7CC0D82-FDFF-4B2A-705B-E3E06B8AB33B">
<createdBy>luism</createdBy>
<createdTime>2025-02-16 17:19:55 UTC</createdTime>
<ownerDesignName>HDB-COMPUNET</ownerDesignName>
<useDomainConstraints>false</useDomainConstraints>
<use>1</use>
<logicalDatatype>LOGDT024</logicalDatatype>
<dataTypeSize>30</dataTypeSize>
<ownDataTypeParameters>30,,</ownDataTypeParameters>
<previousColumn>false</previousColumn>
<autoIncrementCycle>false</autoIncrementCycle>
<associations>
<colAssociation fkAssociation="9B94518B-26B8-BA21-5155-C704EC9734E1" referredColumn="C6A49C68-31AE-ED30-B9DD-42FC95AC4453"/>
</associations>
</Column>
<Column name="USER_id" id="EFD0742B-CE62-DB4A-C40A-05B38EF853F4">
<createdBy>luism</createdBy>
<createdTime>2025-02-16 17:23:06 UTC</createdTime>
<ownerDesignName>HDB-COMPUNET</ownerDesignName>
<useDomainConstraints>false</useDomainConstraints>
<use>1</use>
<logicalDatatype>LOGDT024</logicalDatatype>
<dataTypeSize>50</dataTypeSize>
<ownDataTypeParameters>50,,</ownDataTypeParameters>
<previousColumn>false</previousColumn>
<autoIncrementCycle>false</autoIncrementCycle>
<associations>
<colAssociation fkAssociation="A719E8E7-2AB7-4D42-01C9-A4C165C7AB31" referredColumn="073AEF13-EB9A-92A2-B2D5-92530A9C48C5"/>
</associations>
</Column>
<Column name="PROFESSION_id" id="22E44826-EE76-58E0-173C-97FEADCE4B3F">
<createdBy>luism</createdBy>
<createdTime>2025-02-16 17:27:09 UTC</createdTime>
<ownerDesignName>HDB-COMPUNET</ownerDesignName>
<useDomainConstraints>false</useDomainConstraints>
<use>1</use>
<logicalDatatype>LOGDT024</logicalDatatype>
<dataTypeSize>50</dataTypeSize>
<ownDataTypeParameters>50,,</ownDataTypeParameters>
<previousColumn>false</previousColumn>
<autoIncrementCycle>false</autoIncrementCycle>
</Column>
<Column name="SEX" id="795DECA5-265D-CA9F-95B4-6966A31A450A">
<createdBy>luism</createdBy>
<createdTime>2025-02-16 17:54:30 UTC</createdTime>
<ownerDesignName>HDB-COMPUNET</ownerDesignName>
<useDomainConstraints>false</useDomainConstraints>
<use>1</use>
<logicalDatatype>LOGDT024</logicalDatatype>
<dataTypeSize>5</dataTypeSize>
<ownDataTypeParameters>5,,</ownDataTypeParameters>
<autoIncrementCycle>false</autoIncrementCycle>
</Column>
<Column name="blood_type" id="CF375A17-04E8-88F7-BFCC-8335BE1FFFAA">
<createdBy>luism</createdBy>
<createdTime>2025-02-16 17:54:30 UTC</createdTime>
<ownerDesignName>HDB-COMPUNET</ownerDesignName>
<useDomainConstraints>false</useDomainConstraints>
<use>1</use>
<logicalDatatype>LOGDT024</logicalDatatype>
<dataTypeSize>5</dataTypeSize>
<ownDataTypeParameters>5,,</ownDataTypeParameters>
<autoIncrementCycle>false</autoIncrementCycle>
</Column>
<Column name="CITY_id" id="A518B3F8-C879-D1C3-6485-BE8C7761F5C4">
<createdBy>luism</createdBy>
<createdTime>2025-02-16 18:04:36 UTC</createdTime>
<ownerDesignName>HDB-COMPUNET</ownerDesignName>
<useDomainConstraints>false</useDomainConstraints>
<use>1</use>
<logicalDatatype>LOGDT024</logicalDatatype>
<dataTypeSize>50</dataTypeSize>
<ownDataTypeParameters>50,,</ownDataTypeParameters>
<previousColumn>false</previousColumn>
<autoIncrementCycle>false</autoIncrementCycle>
<associations>
<colAssociation fkAssociation="3662D788-D47B-0E7D-3FC0-6484A0408ACD" referredColumn="CB8B4803-D419-0943-3AD2-632BDDB510EE"/>
</associations>
</Column>
<Column name="COUNTRY_id" id="90BD26E5-8CEF-45CA-2774-43FAB321FB00">
<createdBy>luism</createdBy>
<createdTime>2025-02-16 18:04:39 UTC</createdTime>
<ownerDesignName>HDB-COMPUNET</ownerDesignName>
<useDomainConstraints>false</useDomainConstraints>
<use>1</use>
<logicalDatatype>LOGDT024</logicalDatatype>
<dataTypeSize>50</dataTypeSize>
<ownDataTypeParameters>50,,</ownDataTypeParameters>
<previousColumn>false</previousColumn>
<autoIncrementCycle>false</autoIncrementCycle>
<associations>
<colAssociation fkAssociation="5B2C709A-0DE0-6972-1139-81D0A1154CCC" referredColumn="521EE012-8721-9986-A4B6-70B48555AC28"/>
</associations>
</Column>
<Column name="PROFESSION_name" id="027358FF-32E0-5D23-CD47-7704E9429CE6">
<createdBy>luism</createdBy>
<createdTime>2025-02-17 19:36:52 UTC</createdTime>
<ownerDesignName>HDB-COMPUNET</ownerDesignName>
<useDomainConstraints>false</useDomainConstraints>
<use>1</use>
<logicalDatatype>LOGDT024</logicalDatatype>
<dataTypeSize>50</dataTypeSize>
<ownDataTypeParameters>,,</ownDataTypeParameters>
<previousColumn>false</previousColumn>
<autoIncrementCycle>false</autoIncrementCycle>
<associations>
<colAssociation fkAssociation="8E4E7BC5-5DF1-C675-655C-7435AD6FEC54" referredColumn="B3B6CBA0-42A1-DE6E-2B56-B2F6266C6401"/>
</associations>
</Column>
</columns>
<indexes itemClass="oracle.dbtools.crest.model.design.relational.Index">
<ind_PK_UK id="E26B7E5C-A517-2ECB-54A6-6E2E8A17720B" name="PATIENT_PK">
<createdBy>luism</createdBy>
<createdTime>2025-02-16 17:17:14 UTC</createdTime>
<ownerDesignName>HDB-COMPUNET</ownerDesignName>
<pk>true</pk>
<indexState>Primary Constraint</indexState>
<isSurrogateKey>false</isSurrogateKey>
<indexColumnUsage>
<colUsage columnID="2ACB6C1E-99D3-9472-EAE9-E641E1A7E1C8"/>
</indexColumnUsage>
</ind_PK_UK>
<ind_PK_UK id="F9B62D8B-0217-4699-F1FE-E6ED5D9D277A" name="PATIENT_EPS_FK">
<createdBy>luism</createdBy>
<createdTime>2025-02-16 17:19:19 UTC</createdTime>
<ownerDesignName>HDB-COMPUNET</ownerDesignName>
<indexState>Foreign Key</indexState>
<isSurrogateKey>false</isSurrogateKey>
<indexColumnUsage>
<colUsage columnID="61075101-76C7-BF30-F391-DF78AD905802"/>
</indexColumnUsage>
</ind_PK_UK>
<ind_PK_UK id="2DC7BB02-3DCB-094B-B2B6-65FD58595521" name="PATIENT_PREPAID_MEDICINE_FK">
<createdBy>luism</createdBy>
<createdTime>2025-02-16 17:19:55 UTC</createdTime>
<ownerDesignName>HDB-COMPUNET</ownerDesignName>
<indexState>Foreign Key</indexState>
<isSurrogateKey>false</isSurrogateKey>
<indexColumnUsage>
<colUsage columnID="B7CC0D82-FDFF-4B2A-705B-E3E06B8AB33B"/>
</indexColumnUsage>
</ind_PK_UK>
<ind_PK_UK id="7C52D452-D411-AF2C-8E67-AACD90977901" name="PATIENT_USER_FK">
<createdBy>luism</createdBy>
<createdTime>2025-02-16 17:23:06 UTC</createdTime>
<ownerDesignName>HDB-COMPUNET</ownerDesignName>
<indexState>Foreign Key</indexState>
<isSurrogateKey>false</isSurrogateKey>
<indexColumnUsage>
<colUsage columnID="EFD0742B-CE62-DB4A-C40A-05B38EF853F4"/>
</indexColumnUsage>
</ind_PK_UK>
<ind_PK_UK id="C7ABF294-0733-2D66-F07C-5D2000B6CFF9" name="PATIENT_CITY_FK">
<createdBy>luism</createdBy>
<createdTime>2025-02-16 18:04:36 UTC</createdTime>
<ownerDesignName>HDB-COMPUNET</ownerDesignName>
<indexState>Foreign Key</indexState>
<isSurrogateKey>false</isSurrogateKey>
<indexColumnUsage>
<colUsage columnID="A518B3F8-C879-D1C3-6485-BE8C7761F5C4"/>
</indexColumnUsage>
</ind_PK_UK>
<ind_PK_UK id="8088A185-FBEA-419B-EDED-0C276A5DC333" name="PATIENT_COUNTRY_FK">
<createdBy>luism</createdBy>
<createdTime>2025-02-16 18:04:39 UTC</createdTime>
<ownerDesignName>HDB-COMPUNET</ownerDesignName>
<indexState>Foreign Key</indexState>
<isSurrogateKey>false</isSurrogateKey>
<indexColumnUsage>
<colUsage columnID="90BD26E5-8CEF-45CA-2774-43FAB321FB00"/>
</indexColumnUsage>
</ind_PK_UK>
<ind_PK_UK id="DFE50EBE-5815-7611-80BF-BCD0FD8EC7B0" name="PATIENT_PROFESSION_FK">
<createdBy>luism</createdBy>
<createdTime>2025-02-16 18:35:20 UTC</createdTime>
<ownerDesignName>HDB-COMPUNET</ownerDesignName>
<indexState>Foreign Key</indexState>
<isSurrogateKey>false</isSurrogateKey>
<indexColumnUsage>
<colUsage columnID="027358FF-32E0-5D23-CD47-7704E9429CE6"/>
</indexColumnUsage>
</ind_PK_UK>
</indexes>
</Table>