<?xml version = '1.0' encoding = 'UTF-8'?>
<Table class="oracle.dbtools.crest.model.design.relational.Table" directorySegmentName="seg_0" id="1FEF2282-C2A9-0F65-AF43-D494777C642A" name="USER_ROLE">
<createdBy>luism</createdBy>
<createdTime>2025-02-16 17:22:05 UTC</createdTime>
<ownerDesignName>HDB-COMPUNET</ownerDesignName>
<ordsAlias>table_7</ordsAlias>
<allowColumnReorder>false</allowColumnReorder>
<existDependencyGenerateInDDl>true</existDependencyGenerateInDDl>
<parsed>true</parsed>
<columns itemClass="oracle.dbtools.crest.model.design.relational.Column">
<Column name="USER_id" id="6E08A71E-CB61-58AD-51CB-8F9489A3F593">
<createdBy>luism</createdBy>
<createdTime>2025-02-16 17:22:15 UTC</createdTime>
<ownerDesignName>HDB-COMPUNET</ownerDesignName>
<useDomainConstraints>false</useDomainConstraints>
<use>1</use>
<logicalDatatype>LOGDT024</logicalDatatype>
<dataTypeSize>50</dataTypeSize>
<ownDataTypeParameters>50,,</ownDataTypeParameters>
<previousColumn>false</previousColumn>
<autoIncrementCycle>false</autoIncrementCycle>
<associations>
<colAssociation fkAssociation="4CDD4452-ECA3-4113-806E-A50C7281CD98" referredColumn="073AEF13-EB9A-92A2-B2D5-92530A9C48C5"/>
</associations>
</Column>
<Column name="ROLE_name" id="1B072522-B64D-28CA-747C-58968B918621">
<createdBy>luism</createdBy>
<createdTime>2025-02-17 19:36:37 UTC</createdTime>
<ownerDesignName>HDB-COMPUNET</ownerDesignName>
<useDomainConstraints>false</useDomainConstraints>
<use>1</use>
<logicalDatatype>LOGDT024</logicalDatatype>
<dataTypeSize>50</dataTypeSize>
<ownDataTypeParameters>,,</ownDataTypeParameters>
<previousColumn>false</previousColumn>
<autoIncrementCycle>false</autoIncrementCycle>
<associations>
<colAssociation fkAssociation="76C23B55-7780-82EB-761E-8A63797EE394" referredColumn="A4160CAF-AB10-3FA0-CDAC-37AB60028CE9"/>
</associations>
</Column>
</columns>
<indexes itemClass="oracle.dbtools.crest.model.design.relational.Index">
<ind_PK_UK id="114AD2A2-C8B8-8CE9-CF61-22C605EFA084" name="USER_ROLE_ROLE_FK">
<createdBy>luism</createdBy>
<createdTime>2025-02-16 17:22:11 UTC</createdTime>
<ownerDesignName>HDB-COMPUNET</ownerDesignName>
<indexState>Foreign Key</indexState>
<isSurrogateKey>false</isSurrogateKey>
<indexColumnUsage>
<colUsage columnID="1B072522-B64D-28CA-747C-58968B918621"/>
</indexColumnUsage>
</ind_PK_UK>
<ind_PK_UK id="13BF3FD5-ECA9-5102-3887-FF2C31C886EB" name="USER_ROLE_USER_FK">
<createdBy>luism</createdBy>
<createdTime>2025-02-16 17:22:15 UTC</createdTime>
<ownerDesignName>HDB-COMPUNET</ownerDesignName>
<indexState>Foreign Key</indexState>
<isSurrogateKey>false</isSurrogateKey>
<indexColumnUsage>
<colUsage columnID="6E08A71E-CB61-58AD-51CB-8F9489A3F593"/>
</indexColumnUsage>
</ind_PK_UK>
</indexes>
</Table>