<?xml version = '1.0' encoding = 'UTF-8'?>
<Table class="oracle.dbtools.crest.model.design.relational.Table" directorySegmentName="seg_0" id="23551919-A0B9-6EDD-EA9A-FF1FC8F5B015" name="APPOINTMENT_TYPE">
<createdBy>luism</createdBy>
<createdTime>2025-02-16 18:10:28 UTC</createdTime>
<ownerDesignName>HDB-COMPUNET</ownerDesignName>
<ordsAlias>table_37</ordsAlias>
<allowColumnReorder>false</allowColumnReorder>
<existDependencyGenerateInDDl>true</existDependencyGenerateInDDl>
<parsed>true</parsed>
<columns itemClass="oracle.dbtools.crest.model.design.relational.Column">
<Column name="name" id="85ECF29F-8D1E-8A00-BBA2-321E390FB082">
<createdBy>luism</createdBy>
<createdTime>2025-02-16 18:11:00 UTC</createdTime>
<ownerDesignName>HDB-COMPUNET</ownerDesignName>
<useDomainConstraints>false</useDomainConstraints>
<use>1</use>
<logicalDatatype>LOGDT024</logicalDatatype>
<dataTypeSize>50</dataTypeSize>
<ownDataTypeParameters>50,,</ownDataTypeParameters>
<autoIncrementCycle>false</autoIncrementCycle>
</Column>
</columns>
<indexes itemClass="oracle.dbtools.crest.model.design.relational.Index">
<ind_PK_UK id="75E856E2-CA1D-18F9-2C4B-8A57734E423C" name="APPOINTMENT_TYPE_PK">
<createdBy>luism</createdBy>
<createdTime>2025-02-16 18:11:00 UTC</createdTime>
<ownerDesignName>HDB-COMPUNET</ownerDesignName>
<pk>true</pk>
<indexState>Primary Constraint</indexState>
<isSurrogateKey>false</isSurrogateKey>
<indexColumnUsage>
<colUsage columnID="85ECF29F-8D1E-8A00-BBA2-321E390FB082"/>
</indexColumnUsage>
</ind_PK_UK>
</indexes>
</Table>