<?xml version = '1.0' encoding = 'UTF-8'?>
<Table class="oracle.dbtools.crest.model.design.relational.Table" directorySegmentName="seg_0" id="30DB6C9F-9E2E-0CFC-A7CD-341716076134" name="PROFESSION">
<createdBy>luism</createdBy>
<createdTime>2025-02-16 18:34:46 UTC</createdTime>
<ownerDesignName>HDB-COMPUNET</ownerDesignName>
<ordsAlias>table_37</ordsAlias>
<allowColumnReorder>false</allowColumnReorder>
<existDependencyGenerateInDDl>true</existDependencyGenerateInDDl>
<parsed>true</parsed>
<columns itemClass="oracle.dbtools.crest.model.design.relational.Column">
<Column name="name" id="B3B6CBA0-42A1-DE6E-2B56-B2F6266C6401">
<createdBy>luism</createdBy>
<createdTime>2025-02-16 18:35:12 UTC</createdTime>
<ownerDesignName>HDB-COMPUNET</ownerDesignName>
<useDomainConstraints>false</useDomainConstraints>
<use>1</use>
<logicalDatatype>LOGDT024</logicalDatatype>
<dataTypeSize>50</dataTypeSize>
<ownDataTypeParameters>50,,</ownDataTypeParameters>
<autoIncrementCycle>false</autoIncrementCycle>
</Column>
</columns>
<indexes itemClass="oracle.dbtools.crest.model.design.relational.Index">
<ind_PK_UK id="E706E950-6218-0BC4-CDFA-318D20E4AC7B" name="PROFESSION_PK">
<createdBy>luism</createdBy>
<createdTime>2025-02-16 18:35:12 UTC</createdTime>
<ownerDesignName>HDB-COMPUNET</ownerDesignName>
<pk>true</pk>
<indexState>Primary Constraint</indexState>
<isSurrogateKey>false</isSurrogateKey>
<indexColumnUsage>
<colUsage columnID="B3B6CBA0-42A1-DE6E-2B56-B2F6266C6401"/>
</indexColumnUsage>
</ind_PK_UK>
</indexes>
</Table>