<?xml version = '1.0' encoding = 'UTF-8'?>
<Table class="oracle.dbtools.crest.model.design.relational.Table" directorySegmentName="seg_0" id="368C33E4-F803-AC54-5A84-D04E676E4A4F" name="ATTENTION EPISODE">
<createdBy>luism</createdBy>
<createdTime>2025-02-17 19:19:37 UTC</createdTime>
<ownerDesignName>HDB-COMPUNET</ownerDesignName>
<ordsAlias>table_38</ordsAlias>
<allowColumnReorder>false</allowColumnReorder>
<existDependencyGenerateInDDl>true</existDependencyGenerateInDDl>
<parsed>true</parsed>
<columns itemClass="oracle.dbtools.crest.model.design.relational.Column">
<Column name="id" id="2AE83EDE-571D-5557-2120-E713E173C070">
<createdBy>luism</createdBy>
<createdTime>2025-02-17 19:21:38 UTC</createdTime>
<ownerDesignName>HDB-COMPUNET</ownerDesignName>
<useDomainConstraints>false</useDomainConstraints>
<use>1</use>
<logicalDatatype>LOGDT024</logicalDatatype>
<dataTypeSize>30</dataTypeSize>
<ownDataTypeParameters>30,,</ownDataTypeParameters>
<autoIncrementCycle>false</autoIncrementCycle>
</Column>
<Column name="date" id="7792071C-8C37-39EA-EE1C-78DB372E60A4">
<createdBy>luism</createdBy>
<createdTime>2025-02-17 19:21:38 UTC</createdTime>
<ownerDesignName>HDB-COMPUNET</ownerDesignName>
<useDomainConstraints>false</useDomainConstraints>
<use>1</use>
<logicalDatatype>LOGDT007</logicalDatatype>
<ownDataTypeParameters>,,</ownDataTypeParameters>
<autoIncrementCycle>false</autoIncrementCycle>
</Column>
<Column name="start_hour" id="63DAFF5B-4BAC-0A22-CE0D-F6E52C29DA72">
<createdBy>luism</createdBy>
<createdTime>2025-02-17 19:21:38 UTC</createdTime>
<ownerDesignName>HDB-COMPUNET</ownerDesignName>
<useDomainConstraints>false</useDomainConstraints>
<use>1</use>
<logicalDatatype>LOGDT008</logicalDatatype>
<ownDataTypeParameters>,,</ownDataTypeParameters>
<autoIncrementCycle>false</autoIncrementCycle>
</Column>
<Column name="final_hour" id="8D6C2F65-306E-F588-FE91-837F73B788FF">
<createdBy>luism</createdBy>
<createdTime>2025-02-17 19:21:38 UTC</createdTime>
<ownerDesignName>HDB-COMPUNET</ownerDesignName>
<useDomainConstraints>false</useDomainConstraints>
<use>1</use>
<logicalDatatype>LOGDT008</logicalDatatype>
<ownDataTypeParameters>,,</ownDataTypeParameters>
<autoIncrementCycle>false</autoIncrementCycle>
</Column>
<Column name="general_observations" id="82806B29-98EB-66CB-6337-5F5241AF182C">
<createdBy>luism</createdBy>
<createdTime>2025-02-17 19:21:38 UTC</createdTime>
<ownerDesignName>HDB-COMPUNET</ownerDesignName>
<useDomainConstraints>false</useDomainConstraints>
<use>1</use>
<logicalDatatype>LOGDT040</logicalDatatype>
<ownDataTypeParameters>,,</ownDataTypeParameters>
<autoIncrementCycle>false</autoIncrementCycle>
</Column>
<Column name="CLINICAL_HISTORY_id" id="2BDB0D61-7219-0A19-4AB4-8B986CB11946">
<createdBy>luism</createdBy>
<createdTime>2025-02-17 19:26:07 UTC</createdTime>
<ownerDesignName>HDB-COMPUNET</ownerDesignName>
<useDomainConstraints>false</useDomainConstraints>
<use>1</use>
<logicalDatatype>LOGDT024</logicalDatatype>
<dataTypeSize>50</dataTypeSize>
<ownDataTypeParameters>,,</ownDataTypeParameters>
<previousColumn>false</previousColumn>
<autoIncrementCycle>false</autoIncrementCycle>
<associations>
<colAssociation fkAssociation="D481D9E9-53C8-226F-4230-038011133AFE" referredColumn="837A29A8-81D1-5D24-B0BD-FBFBB9582108"/>
</associations>
</Column>
<Column name="APPOINTMENT_id" id="2EF57103-B2A2-76FD-D938-4976309538F4">
<createdBy>luism</createdBy>
<createdTime>2025-02-17 19:29:46 UTC</createdTime>
<ownerDesignName>HDB-COMPUNET</ownerDesignName>
<useDomainConstraints>false</useDomainConstraints>
<use>1</use>
<logicalDatatype>LOGDT024</logicalDatatype>
<dataTypeSize>50</dataTypeSize>
<ownDataTypeParameters>,,</ownDataTypeParameters>
<previousColumn>false</previousColumn>
<autoIncrementCycle>false</autoIncrementCycle>
<associations>
<colAssociation fkAssociation="490FCDC7-2F21-8E09-D80E-A51B19A309A0" referredColumn="CCA92709-824C-EC4B-912F-2A312C9B59B4"/>
</associations>
</Column>
<Column name="STAFF_id" id="81FA9A5D-DBDD-8EC7-7EBB-05A1167043B4">
<createdBy>luism</createdBy>
<createdTime>2025-02-17 20:34:40 UTC</createdTime>
<ownerDesignName>HDB-COMPUNET</ownerDesignName>
<useDomainConstraints>false</useDomainConstraints>
<use>1</use>
<logicalDatatype>LOGDT024</logicalDatatype>
<dataTypeSize>50</dataTypeSize>
<ownDataTypeParameters>,,</ownDataTypeParameters>
<previousColumn>false</previousColumn>
<autoIncrementCycle>false</autoIncrementCycle>
<associations>
<colAssociation fkAssociation="ED506800-AD52-DBBD-C6F1-0365334D4069" referredColumn="5FF2FA2E-CCB0-2AA1-A394-3CD7FE181C10"/>
</associations>
</Column>
</columns>
<indexes itemClass="oracle.dbtools.crest.model.design.relational.Index">
<ind_PK_UK id="CB7D7E07-FD2E-9523-0380-37DF13356522" name="ATTENTION EPISODE_PK">
<createdBy>luism</createdBy>
<createdTime>2025-02-17 19:21:38 UTC</createdTime>
<ownerDesignName>HDB-COMPUNET</ownerDesignName>
<pk>true</pk>
<indexState>Primary Constraint</indexState>
<isSurrogateKey>false</isSurrogateKey>
<indexColumnUsage>
<colUsage columnID="2AE83EDE-571D-5557-2120-E713E173C070"/>
</indexColumnUsage>
</ind_PK_UK>
<ind_PK_UK id="90B9C80E-A3C8-4508-6B79-21E9040F28B7" name="ATTENTION EPISODE_CLINICAL_HISTORY_FK">
<createdBy>luism</createdBy>
<createdTime>2025-02-17 19:26:07 UTC</createdTime>
<ownerDesignName>HDB-COMPUNET</ownerDesignName>
<indexState>Foreign Key</indexState>
<isSurrogateKey>false</isSurrogateKey>
<indexColumnUsage>
<colUsage columnID="2BDB0D61-7219-0A19-4AB4-8B986CB11946"/>
</indexColumnUsage>
</ind_PK_UK>
<ind_PK_UK id="672001AE-F45B-8ED8-06F2-E2CF389BFA3F" name="ATTENTION EPISODE_APPOINTMENT_FK">
<createdBy>luism</createdBy>
<createdTime>2025-02-17 19:29:46 UTC</createdTime>
<ownerDesignName>HDB-COMPUNET</ownerDesignName>
<indexState>Foreign Key</indexState>
<isSurrogateKey>false</isSurrogateKey>
<indexColumnUsage>
<colUsage columnID="2EF57103-B2A2-76FD-D938-4976309538F4"/>
</indexColumnUsage>
</ind_PK_UK>
<ind_PK_UK id="286A188E-4EFD-7019-4202-2857E916600D" name="ATTENTION EPISODE_STAFF_FK">
<createdBy>luism</createdBy>
<createdTime>2025-02-17 20:34:40 UTC</createdTime>
<ownerDesignName>HDB-COMPUNET</ownerDesignName>
<indexState>Foreign Key</indexState>
<isSurrogateKey>false</isSurrogateKey>
<indexColumnUsage>
<colUsage columnID="81FA9A5D-DBDD-8EC7-7EBB-05A1167043B4"/>
</indexColumnUsage>
</ind_PK_UK>
</indexes>
</Table>