<?xml version = '1.0' encoding = 'UTF-8'?>
<Table class="oracle.dbtools.crest.model.design.relational.Table" directorySegmentName="seg_0" id="43572FFE-416C-D2B7-C6CE-6C03100AD022" name="STAFF">
<createdBy>luism</createdBy>
<createdTime>2025-02-16 17:31:07 UTC</createdTime>
<ownerDesignName>HDB-COMPUNET</ownerDesignName>
<ordsAlias>table_14</ordsAlias>
<allowColumnReorder>false</allowColumnReorder>
<existDependencyGenerateInDDl>true</existDependencyGenerateInDDl>
<parsed>true</parsed>
<columns itemClass="oracle.dbtools.crest.model.design.relational.Column">
<Column name="id" id="5FF2FA2E-CCB0-2AA1-A394-3CD7FE181C10">
<createdBy>luism</createdBy>
<createdTime>2025-02-16 17:31:55 UTC</createdTime>
<ownerDesignName>HDB-COMPUNET</ownerDesignName>
<useDomainConstraints>false</useDomainConstraints>
<use>1</use>
<logicalDatatype>LOGDT024</logicalDatatype>
<dataTypeSize>50</dataTypeSize>
<ownDataTypeParameters>50,,</ownDataTypeParameters>
<autoIncrementCycle>false</autoIncrementCycle>
</Column>
<Column name="first_name" id="0E3D9FB7-4084-2E73-5DD6-493A070C2DA1">
<createdBy>luism</createdBy>
<createdTime>2025-02-16 17:31:55 UTC</createdTime>
<ownerDesignName>HDB-COMPUNET</ownerDesignName>
<useDomainConstraints>false</useDomainConstraints>
<use>1</use>
<logicalDatatype>LOGDT024</logicalDatatype>
<dataTypeSize>50</dataTypeSize>
<ownDataTypeParameters>50,,</ownDataTypeParameters>
<autoIncrementCycle>false</autoIncrementCycle>
</Column>
<Column name="last_name" id="ACC5724D-E8BD-0290-459F-89F91D98621C">
<createdBy>luism</createdBy>
<createdTime>2025-02-16 17:31:55 UTC</createdTime>
<ownerDesignName>HDB-COMPUNET</ownerDesignName>
<useDomainConstraints>false</useDomainConstraints>
<use>1</use>
<logicalDatatype>LOGDT024</logicalDatatype>
<dataTypeSize>50</dataTypeSize>
<ownDataTypeParameters>50,,</ownDataTypeParameters>
<autoIncrementCycle>false</autoIncrementCycle>
</Column>
<Column name="phone" id="17751502-73AA-F3C9-32AC-B0755E3FC5B7">
<createdBy>luism</createdBy>
<createdTime>2025-02-16 17:32:17 UTC</createdTime>
<ownerDesignName>HDB-COMPUNET</ownerDesignName>
<useDomainConstraints>false</useDomainConstraints>
<use>1</use>
<logicalDatatype>LOGDT024</logicalDatatype>
<dataTypeSize>50</dataTypeSize>
<ownDataTypeParameters>50,,</ownDataTypeParameters>
<autoIncrementCycle>false</autoIncrementCycle>
</Column>
<Column name="email" id="197801FB-967C-2B91-42DE-1348F021465C">
<createdBy>luism</createdBy>
<createdTime>2025-02-16 17:32:32 UTC</createdTime>
<ownerDesignName>HDB-COMPUNET</ownerDesignName>
<useDomainConstraints>false</useDomainConstraints>
<use>1</use>
<logicalDatatype>LOGDT024</logicalDatatype>
<dataTypeSize>50</dataTypeSize>
<ownDataTypeParameters>50,,</ownDataTypeParameters>
<autoIncrementCycle>false</autoIncrementCycle>
</Column>
<Column name="USER_id" id="2AF379D5-FF04-135C-4E96-4A9BB6FCD628">
<createdBy>luism</createdBy>
<createdTime>2025-02-16 17:33:07 UTC</createdTime>
<ownerDesignName>HDB-COMPUNET</ownerDesignName>
<useDomainConstraints>false</useDomainConstraints>
<use>1</use>
<logicalDatatype>LOGDT024</logicalDatatype>
<dataTypeSize>50</dataTypeSize>
<ownDataTypeParameters>50,,</ownDataTypeParameters>
<previousColumn>false</previousColumn>
<autoIncrementCycle>false</autoIncrementCycle>
<associations>
<colAssociation fkAssociation="83CE8E39-6081-D4EB-CC3A-0E2D8DFBC89B" referredColumn="073AEF13-EB9A-92A2-B2D5-92530A9C48C5"/>
</associations>
</Column>
<Column name="COUNTRY_id" id="9FB29EF6-1EBA-78B2-6905-0301D61CF24D">
<createdBy>luism</createdBy>
<createdTime>2025-02-16 18:04:57 UTC</createdTime>
<ownerDesignName>HDB-COMPUNET</ownerDesignName>
<useDomainConstraints>false</useDomainConstraints>
<use>1</use>
<logicalDatatype>LOGDT024</logicalDatatype>
<dataTypeSize>50</dataTypeSize>
<ownDataTypeParameters>50,,</ownDataTypeParameters>
<previousColumn>false</previousColumn>
<autoIncrementCycle>false</autoIncrementCycle>
<associations>
<colAssociation fkAssociation="080360E9-16A3-6410-51A1-6AD839632303" referredColumn="521EE012-8721-9986-A4B6-70B48555AC28"/>
</associations>
</Column>
<Column name="CITY_id" id="9804C0C2-76B8-AC4F-B41B-CFD644E3F38E">
<createdBy>luism</createdBy>
<createdTime>2025-02-16 18:05:03 UTC</createdTime>
<ownerDesignName>HDB-COMPUNET</ownerDesignName>
<useDomainConstraints>false</useDomainConstraints>
<use>1</use>
<logicalDatatype>LOGDT024</logicalDatatype>
<dataTypeSize>50</dataTypeSize>
<ownDataTypeParameters>50,,</ownDataTypeParameters>
<previousColumn>false</previousColumn>
<autoIncrementCycle>false</autoIncrementCycle>
<associations>
<colAssociation fkAssociation="7995268D-0E9B-8264-3F10-B22A57035268" referredColumn="CB8B4803-D419-0943-3AD2-632BDDB510EE"/>
</associations>
</Column>
<Column name="address" id="F178192B-F822-56A6-366E-176766FE11ED">
<createdBy>luism</createdBy>
<createdTime>2025-02-16 18:05:15 UTC</createdTime>
<ownerDesignName>HDB-COMPUNET</ownerDesignName>
<useDomainConstraints>false</useDomainConstraints>
<use>1</use>
<logicalDatatype>LOGDT024</logicalDatatype>
<dataTypeSize>50</dataTypeSize>
<ownDataTypeParameters>50,,</ownDataTypeParameters>
<autoIncrementCycle>false</autoIncrementCycle>
</Column>
<Column name="PROFESSION_name" id="091C45ED-904D-D982-B9FD-5D31EEFD5B4D">
<createdBy>luism</createdBy>
<createdTime>2025-02-17 19:36:52 UTC</createdTime>
<ownerDesignName>HDB-COMPUNET</ownerDesignName>
<useDomainConstraints>false</useDomainConstraints>
<use>1</use>
<logicalDatatype>LOGDT024</logicalDatatype>
<dataTypeSize>50</dataTypeSize>
<ownDataTypeParameters>,,</ownDataTypeParameters>
<previousColumn>false</previousColumn>
<autoIncrementCycle>false</autoIncrementCycle>
<associations>
<colAssociation fkAssociation="048F56BB-EEB1-6EC9-BB06-C090B39C2CDD" referredColumn="B3B6CBA0-42A1-DE6E-2B56-B2F6266C6401"/>
</associations>
</Column>
<Column name="AVAILABILITY_id" id="29C5C8DE-3221-45C6-66CA-07EA88DEF661">
<createdBy>luism</createdBy>
<createdTime>2025-02-17 19:53:56 UTC</createdTime>
<ownerDesignName>HDB-COMPUNET</ownerDesignName>
<useDomainConstraints>false</useDomainConstraints>
<use>1</use>
<logicalDatatype>LOGDT024</logicalDatatype>
<dataTypeSize>50</dataTypeSize>
<ownDataTypeParameters>,,</ownDataTypeParameters>
<previousColumn>false</previousColumn>
<autoIncrementCycle>false</autoIncrementCycle>
<associations>
<colAssociation fkAssociation="827E2C3C-0A6E-2757-60F7-ACA34918B501" referredColumn="898EDC0D-62DD-E102-BF74-6AB576CC5F31"/>
</associations>
</Column>
<Column name="LOCATION_id" id="877FDD1F-2B9A-966A-CD30-089C8FE33F2D">
<createdBy>luism</createdBy>
<createdTime>2025-02-17 20:06:44 UTC</createdTime>
<ownerDesignName>HDB-COMPUNET</ownerDesignName>
<useDomainConstraints>false</useDomainConstraints>
<use>1</use>
<logicalDatatype>LOGDT024</logicalDatatype>
<dataTypeSize>50</dataTypeSize>
<ownDataTypeParameters>,,</ownDataTypeParameters>
<previousColumn>false</previousColumn>
<autoIncrementCycle>false</autoIncrementCycle>
<associations>
<colAssociation fkAssociation="D275FBB5-1315-772B-6800-16DEBE49EC4F" referredColumn="E7E39039-0EC3-4E6E-5B4E-DABD3627D647"/>
</associations>
</Column>
<Column name="EPS_id" id="24D4C400-7BA3-9985-C65B-9354AFB91D61">
<createdBy>luism</createdBy>
<createdTime>2025-02-17 20:44:24 UTC</createdTime>
<ownerDesignName>HDB-COMPUNET</ownerDesignName>
<useDomainConstraints>false</useDomainConstraints>
<use>1</use>
<logicalDatatype>LOGDT024</logicalDatatype>
<dataTypeSize>30</dataTypeSize>
<ownDataTypeParameters>,,</ownDataTypeParameters>
<previousColumn>false</previousColumn>
<autoIncrementCycle>false</autoIncrementCycle>
<associations>
<colAssociation fkAssociation="55678EFF-1AA2-1C7E-5D72-DBA950B83847" referredColumn="79D54CB7-B35E-F039-9420-4BFD5430B631"/>
</associations>
</Column>
</columns>
<indexes itemClass="oracle.dbtools.crest.model.design.relational.Index">
<ind_PK_UK id="EC7E5267-8CFC-4B7D-0118-9438DD6CD421" name="STAFF_PK">
<createdBy>luism</createdBy>
<createdTime>2025-02-16 17:31:55 UTC</createdTime>
<ownerDesignName>HDB-COMPUNET</ownerDesignName>
<pk>true</pk>
<indexState>Primary Constraint</indexState>
<isSurrogateKey>false</isSurrogateKey>
<indexColumnUsage>
<colUsage columnID="5FF2FA2E-CCB0-2AA1-A394-3CD7FE181C10"/>
</indexColumnUsage>
</ind_PK_UK>
<ind_PK_UK id="BF4E36A8-686D-36A5-6CC7-6D9132036FD9" name="STAFF_USER_FK">
<createdBy>luism</createdBy>
<createdTime>2025-02-16 17:33:07 UTC</createdTime>
<ownerDesignName>HDB-COMPUNET</ownerDesignName>
<indexState>Foreign Key</indexState>
<isSurrogateKey>false</isSurrogateKey>
<indexColumnUsage>
<colUsage columnID="2AF379D5-FF04-135C-4E96-4A9BB6FCD628"/>
</indexColumnUsage>
</ind_PK_UK>
<ind_PK_UK id="19203308-38CF-0B8D-A48C-325EF267B28B" name="STAFF_COUNTRY_FK">
<createdBy>luism</createdBy>
<createdTime>2025-02-16 18:04:57 UTC</createdTime>
<ownerDesignName>HDB-COMPUNET</ownerDesignName>
<indexState>Foreign Key</indexState>
<isSurrogateKey>false</isSurrogateKey>
<indexColumnUsage>
<colUsage columnID="9FB29EF6-1EBA-78B2-6905-0301D61CF24D"/>
</indexColumnUsage>
</ind_PK_UK>
<ind_PK_UK id="E3B871C1-EE83-0CA8-4CB3-E86C94FA71BE" name="STAFF_CITY_FK">
<createdBy>luism</createdBy>
<createdTime>2025-02-16 18:05:03 UTC</createdTime>
<ownerDesignName>HDB-COMPUNET</ownerDesignName>
<indexState>Foreign Key</indexState>
<isSurrogateKey>false</isSurrogateKey>
<indexColumnUsage>
<colUsage columnID="9804C0C2-76B8-AC4F-B41B-CFD644E3F38E"/>
</indexColumnUsage>
</ind_PK_UK>
<ind_PK_UK id="8C5D09D1-B644-ECEC-22C6-6BACA7C8B361" name="STAFF_PROFESSION_FK">
<createdBy>luism</createdBy>
<createdTime>2025-02-17 19:12:31 UTC</createdTime>
<ownerDesignName>HDB-COMPUNET</ownerDesignName>
<indexState>Foreign Key</indexState>
<isSurrogateKey>false</isSurrogateKey>
<indexColumnUsage>
<colUsage columnID="091C45ED-904D-D982-B9FD-5D31EEFD5B4D"/>
</indexColumnUsage>
</ind_PK_UK>
<ind_PK_UK id="E21D1978-431A-2995-5936-B44A5A55BCC2" name="STAFF_AVAILABILITY_FK">
<createdBy>luism</createdBy>
<createdTime>2025-02-17 19:53:56 UTC</createdTime>
<ownerDesignName>HDB-COMPUNET</ownerDesignName>
<indexState>Foreign Key</indexState>
<isSurrogateKey>false</isSurrogateKey>
<indexColumnUsage>
<colUsage columnID="29C5C8DE-3221-45C6-66CA-07EA88DEF661"/>
</indexColumnUsage>
</ind_PK_UK>
<ind_PK_UK id="1A97CFF3-BB44-3B43-6F49-C1FE321AE5B7" name="STAFF_LOCATION_FK">
<createdBy>luism</createdBy>
<createdTime>2025-02-17 20:06:44 UTC</createdTime>
<ownerDesignName>HDB-COMPUNET</ownerDesignName>
<indexState>Foreign Key</indexState>
<isSurrogateKey>false</isSurrogateKey>
<indexColumnUsage>
<colUsage columnID="877FDD1F-2B9A-966A-CD30-089C8FE33F2D"/>
</indexColumnUsage>
</ind_PK_UK>
<ind_PK_UK id="78E2E995-961B-0A3B-55D4-2EB64BD87B1F" name="STAFF_EPS_FK">
<createdBy>luism</createdBy>
<createdTime>2025-02-17 20:44:24 UTC</createdTime>
<ownerDesignName>HDB-COMPUNET</ownerDesignName>
<indexState>Foreign Key</indexState>
<isSurrogateKey>false</isSurrogateKey>
<indexColumnUsage>
<colUsage columnID="24D4C400-7BA3-9985-C65B-9354AFB91D61"/>
</indexColumnUsage>
</ind_PK_UK>
</indexes>
</Table>