<?xml version = '1.0' encoding = 'UTF-8'?>
<Table class="oracle.dbtools.crest.model.design.relational.Table" directorySegmentName="seg_0" id="56F160A9-06BC-9784-FD63-E0B8355A030E" name="ROLE">
<createdBy>luism</createdBy>
<createdTime>2025-02-16 17:21:10 UTC</createdTime>
<ownerDesignName>HDB-COMPUNET</ownerDesignName>
<ordsAlias>table_6</ordsAlias>
<allowColumnReorder>false</allowColumnReorder>
<existDependencyGenerateInDDl>true</existDependencyGenerateInDDl>
<parsed>true</parsed>
<columns itemClass="oracle.dbtools.crest.model.design.relational.Column">
<Column name="name" id="A4160CAF-AB10-3FA0-CDAC-37AB60028CE9">
<createdBy>luism</createdBy>
<createdTime>2025-02-16 17:21:55 UTC</createdTime>
<ownerDesignName>HDB-COMPUNET</ownerDesignName>
<useDomainConstraints>false</useDomainConstraints>
<use>1</use>
<logicalDatatype>LOGDT024</logicalDatatype>
<dataTypeSize>50</dataTypeSize>
<ownDataTypeParameters>50,,</ownDataTypeParameters>
<autoIncrementCycle>false</autoIncrementCycle>
</Column>
</columns>
<indexes itemClass="oracle.dbtools.crest.model.design.relational.Index">
<ind_PK_UK id="F3BEA0D6-1A0C-D9FF-0E0F-9DF152757C49" name="ROLE_PK">
<createdBy>luism</createdBy>
<createdTime>2025-02-16 17:21:55 UTC</createdTime>
<ownerDesignName>HDB-COMPUNET</ownerDesignName>
<pk>true</pk>
<indexState>Primary Constraint</indexState>
<isSurrogateKey>false</isSurrogateKey>
<indexColumnUsage>
<colUsage columnID="A4160CAF-AB10-3FA0-CDAC-37AB60028CE9"/>
</indexColumnUsage>
</ind_PK_UK>
</indexes>
</Table>