<?xml version = '1.0' encoding = 'UTF-8'?>
<Table class="oracle.dbtools.crest.model.design.relational.Table" directorySegmentName="seg_0" id="65D81BA0-A2A2-88E3-E5D9-A132065B58E6" name="EPS">
<createdBy>luism</createdBy>
<createdTime>2025-02-16 17:18:15 UTC</createdTime>
<ownerDesignName>HDB-COMPUNET</ownerDesignName>
<ordsAlias>table_2</ordsAlias>
<allowColumnReorder>false</allowColumnReorder>
<existDependencyGenerateInDDl>true</existDependencyGenerateInDDl>
<parsed>true</parsed>
<columns itemClass="oracle.dbtools.crest.model.design.relational.Column">
<Column name="id" id="79D54CB7-B35E-F039-9420-4BFD5430B631">
<createdBy>luism</createdBy>
<createdTime>2025-02-16 17:18:50 UTC</createdTime>
<ownerDesignName>HDB-COMPUNET</ownerDesignName>
<useDomainConstraints>false</useDomainConstraints>
<use>1</use>
<logicalDatatype>LOGDT024</logicalDatatype>
<dataTypeSize>30</dataTypeSize>
<ownDataTypeParameters>30,,</ownDataTypeParameters>
<autoIncrementCycle>false</autoIncrementCycle>
</Column>
<Column name="name" id="1DB5DDFB-5AF1-891C-B077-16FF7CA8A0FC">
<createdBy>luism</createdBy>
<createdTime>2025-02-16 17:18:50 UTC</createdTime>
<ownerDesignName>HDB-COMPUNET</ownerDesignName>
<nullsAllowed>true</nullsAllowed>
<useDomainConstraints>false</useDomainConstraints>
<use>1</use>
<logicalDatatype>LOGDT024</logicalDatatype>
<dataTypeSize>50</dataTypeSize>
<ownDataTypeParameters>50,,</ownDataTypeParameters>
<autoIncrementCycle>false</autoIncrementCycle>
</Column>
</columns>
<indexes itemClass="oracle.dbtools.crest.model.design.relational.Index">
<ind_PK_UK id="6228256A-EFB0-FB1A-F107-2D3D56B00CD8" name="EPS_PK">
<createdBy>luism</createdBy>
<createdTime>2025-02-16 17:18:50 UTC</createdTime>
<ownerDesignName>HDB-COMPUNET</ownerDesignName>
<pk>true</pk>
<indexState>Primary Constraint</indexState>
<isSurrogateKey>false</isSurrogateKey>
<indexColumnUsage>
<colUsage columnID="79D54CB7-B35E-F039-9420-4BFD5430B631"/>
</indexColumnUsage>
</ind_PK_UK>
</indexes>
</Table>