<?xml version = '1.0' encoding = 'UTF-8'?>
<Table class="oracle.dbtools.crest.model.design.relational.Table" directorySegmentName="seg_0" id="67920B4B-E120-099B-9BC9-87EAAB1AF388" name="APPOINTMENT">
<createdBy>luism</createdBy>
<createdTime>2025-02-16 17:55:42 UTC</createdTime>
<ownerDesignName>HDB-COMPUNET</ownerDesignName>
<ordsAlias>table_28</ordsAlias>
<allowColumnReorder>false</allowColumnReorder>
<existDependencyGenerateInDDl>true</existDependencyGenerateInDDl>
<parsed>true</parsed>
<columns itemClass="oracle.dbtools.crest.model.design.relational.Column">
<Column name="id" id="CCA92709-824C-EC4B-912F-2A312C9B59B4">
<createdBy>luism</createdBy>
<createdTime>2025-02-16 17:57:05 UTC</createdTime>
<ownerDesignName>HDB-COMPUNET</ownerDesignName>
<useDomainConstraints>false</useDomainConstraints>
<use>1</use>
<logicalDatatype>LOGDT024</logicalDatatype>
<dataTypeSize>50</dataTypeSize>
<ownDataTypeParameters>50,,</ownDataTypeParameters>
<autoIncrementCycle>false</autoIncrementCycle>
</Column>
<Column name="date" id="87DA3CF5-E46D-1C58-64D3-FC7A6101E687">
<createdBy>luism</createdBy>
<createdTime>2025-02-16 17:57:05 UTC</createdTime>
<ownerDesignName>HDB-COMPUNET</ownerDesignName>
<useDomainConstraints>false</useDomainConstraints>
<use>1</use>
<logicalDatatype>LOGDT008</logicalDatatype>
<ownDataTypeParameters>,,</ownDataTypeParameters>
<autoIncrementCycle>false</autoIncrementCycle>
</Column>
<Column name="start_time" id="FBE8F8EB-42AF-6D56-1287-D695A86889BE">
<createdBy>luism</createdBy>
<createdTime>2025-02-16 17:57:05 UTC</createdTime>
<ownerDesignName>HDB-COMPUNET</ownerDesignName>
<useDomainConstraints>false</useDomainConstraints>
<use>1</use>
<logicalDatatype>LOGDT008</logicalDatatype>
<ownDataTypeParameters>,,</ownDataTypeParameters>
<autoIncrementCycle>false</autoIncrementCycle>
</Column>
<Column name="end_time" id="A0DEFAC2-14A1-EA81-EE50-8A2BF25C3D01">
<createdBy>luism</createdBy>
<createdTime>2025-02-16 17:57:05 UTC</createdTime>
<ownerDesignName>HDB-COMPUNET</ownerDesignName>
<useDomainConstraints>false</useDomainConstraints>
<use>1</use>
<logicalDatatype>LOGDT008</logicalDatatype>
<ownDataTypeParameters>,,</ownDataTypeParameters>
<autoIncrementCycle>false</autoIncrementCycle>
</Column>
<Column name="description" id="C56681C4-DED5-B607-7916-63B3024CFABD">
<createdBy>luism</createdBy>
<createdTime>2025-02-16 17:57:05 UTC</createdTime>
<ownerDesignName>HDB-COMPUNET</ownerDesignName>
<nullsAllowed>true</nullsAllowed>
<useDomainConstraints>false</useDomainConstraints>
<use>1</use>
<logicalDatatype>LOGDT040</logicalDatatype>
<ownDataTypeParameters>,,</ownDataTypeParameters>
<autoIncrementCycle>false</autoIncrementCycle>
</Column>
<Column name="STAFF_id" id="6D2F96BC-C9B5-C896-67D8-28F51AD5C265">
<createdBy>luism</createdBy>
<createdTime>2025-02-16 18:09:01 UTC</createdTime>
<ownerDesignName>HDB-COMPUNET</ownerDesignName>
<useDomainConstraints>false</useDomainConstraints>
<use>1</use>
<logicalDatatype>LOGDT024</logicalDatatype>
<dataTypeSize>50</dataTypeSize>
<ownDataTypeParameters>50,,</ownDataTypeParameters>
<previousColumn>false</previousColumn>
<autoIncrementCycle>false</autoIncrementCycle>
<associations>
<colAssociation fkAssociation="5C7E565F-161B-2050-96A3-1D60298951F6" referredColumn="5FF2FA2E-CCB0-2AA1-A394-3CD7FE181C10"/>
</associations>
</Column>
<Column name="CONSULTATION ROOM_id" id="1D5D2770-67F9-660B-61CD-7F5F70917E07">
<createdBy>luism</createdBy>
<createdTime>2025-02-16 18:09:46 UTC</createdTime>
<ownerDesignName>HDB-COMPUNET</ownerDesignName>
<useDomainConstraints>false</useDomainConstraints>
<use>1</use>
<logicalDatatype>LOGDT024</logicalDatatype>
<dataTypeSize>50</dataTypeSize>
<ownDataTypeParameters>50,,</ownDataTypeParameters>
<previousColumn>false</previousColumn>
<autoIncrementCycle>false</autoIncrementCycle>
</Column>
<Column name="CONSULTATION ROOM_name" id="58FE01CC-61E0-DC59-B2F1-F5468EAC835D">
<createdBy>luism</createdBy>
<createdTime>2025-02-16 18:09:46 UTC</createdTime>
<ownerDesignName>HDB-COMPUNET</ownerDesignName>
<useDomainConstraints>false</useDomainConstraints>
<use>1</use>
<logicalDatatype>LOGDT024</logicalDatatype>
<dataTypeSize>50</dataTypeSize>
<ownDataTypeParameters>50,,</ownDataTypeParameters>
<previousColumn>false</previousColumn>
<autoIncrementCycle>false</autoIncrementCycle>
</Column>
<Column name="PATIENT_id" id="BAFDBAA3-87B8-C913-1638-745C604EBAEF">
<createdBy>luism</createdBy>
<createdTime>2025-02-16 18:11:34 UTC</createdTime>
<ownerDesignName>HDB-COMPUNET</ownerDesignName>
<useDomainConstraints>false</useDomainConstraints>
<use>1</use>
<logicalDatatype>LOGDT024</logicalDatatype>
<ownDataTypeParameters>,,</ownDataTypeParameters>
<previousColumn>false</previousColumn>
<autoIncrementCycle>false</autoIncrementCycle>
<associations>
<colAssociation fkAssociation="78EDAC95-8591-1E3A-2A8A-3E5159796983" referredColumn="2ACB6C1E-99D3-9472-EAE9-E641E1A7E1C8"/>
</associations>
</Column>
<Column name="LOCATION_id" id="B0629A5A-7191-6D77-144C-D560EAA2A2C0">
<createdBy>luism</createdBy>
<createdTime>2025-02-17 20:05:00 UTC</createdTime>
<ownerDesignName>HDB-COMPUNET</ownerDesignName>
<useDomainConstraints>false</useDomainConstraints>
<use>1</use>
<logicalDatatype>LOGDT024</logicalDatatype>
<dataTypeSize>50</dataTypeSize>
<ownDataTypeParameters>,,</ownDataTypeParameters>
<previousColumn>false</previousColumn>
<autoIncrementCycle>false</autoIncrementCycle>
<associations>
<colAssociation fkAssociation="402A9179-5DD9-03EE-C3ED-B17003C60A4F" referredColumn="E7E39039-0EC3-4E6E-5B4E-DABD3627D647"/>
</associations>
</Column>
<Column name="APPOINTMENT_TYPE_name" id="852B6B9A-5079-DBC7-4774-3A273228C1BE">
<createdBy>luism</createdBy>
<createdTime>2025-02-17 20:05:46 UTC</createdTime>
<ownerDesignName>HDB-COMPUNET</ownerDesignName>
<useDomainConstraints>false</useDomainConstraints>
<use>1</use>
<logicalDatatype>LOGDT024</logicalDatatype>
<dataTypeSize>50</dataTypeSize>
<ownDataTypeParameters>,,</ownDataTypeParameters>
<previousColumn>false</previousColumn>
<autoIncrementCycle>false</autoIncrementCycle>
<associations>
<colAssociation fkAssociation="C0407828-9FC1-7385-7425-BC551DC0427E" referredColumn="85ECF29F-8D1E-8A00-BBA2-321E390FB082"/>
</associations>
</Column>
</columns>
<indexes itemClass="oracle.dbtools.crest.model.design.relational.Index">
<ind_PK_UK id="20A25E30-0C83-4439-CA1E-086C6370D816" name="APPOINTMEN_PK">
<createdBy>luism</createdBy>
<createdTime>2025-02-16 17:57:05 UTC</createdTime>
<ownerDesignName>HDB-COMPUNET</ownerDesignName>
<pk>true</pk>
<indexState>Primary Constraint</indexState>
<isSurrogateKey>false</isSurrogateKey>
<indexColumnUsage>
<colUsage columnID="CCA92709-824C-EC4B-912F-2A312C9B59B4"/>
</indexColumnUsage>
</ind_PK_UK>
<ind_PK_UK id="098072E2-0EA5-BBD5-FB4F-3F1301497372" name="APPOINTMENT_STAFF_FK">
<createdBy>luism</createdBy>
<createdTime>2025-02-16 18:09:01 UTC</createdTime>
<ownerDesignName>HDB-COMPUNET</ownerDesignName>
<indexState>Foreign Key</indexState>
<isSurrogateKey>false</isSurrogateKey>
<indexColumnUsage>
<colUsage columnID="6D2F96BC-C9B5-C896-67D8-28F51AD5C265"/>
</indexColumnUsage>
</ind_PK_UK>
<ind_PK_UK id="282CAA8D-3F13-B39B-C68A-07FB0AAD2143" name="APPOINTMENT_APPOINTMENT_TYPE_FK">
<createdBy>luism</createdBy>
<createdTime>2025-02-16 18:11:14 UTC</createdTime>
<ownerDesignName>HDB-COMPUNET</ownerDesignName>
<indexState>Foreign Key</indexState>
<isSurrogateKey>false</isSurrogateKey>
<indexColumnUsage>
<colUsage columnID="852B6B9A-5079-DBC7-4774-3A273228C1BE"/>
</indexColumnUsage>
</ind_PK_UK>
<ind_PK_UK id="7F3955CF-1D79-3D59-94E0-AF0F794F35E4" name="APPOINTMENT_PATIENT_FK">
<createdBy>luism</createdBy>
<createdTime>2025-02-16 18:11:34 UTC</createdTime>
<ownerDesignName>HDB-COMPUNET</ownerDesignName>
<indexState>Foreign Key</indexState>
<isSurrogateKey>false</isSurrogateKey>
<indexColumnUsage>
<colUsage columnID="BAFDBAA3-87B8-C913-1638-745C604EBAEF"/>
</indexColumnUsage>
</ind_PK_UK>
<ind_PK_UK id="65E018D6-909E-E1C6-1D7B-10CD41E17899" name="APPOINTMENT_LOCATION_FK">
<createdBy>luism</createdBy>
<createdTime>2025-02-17 20:05:00 UTC</createdTime>
<ownerDesignName>HDB-COMPUNET</ownerDesignName>
<indexState>Foreign Key</indexState>
<isSurrogateKey>false</isSurrogateKey>
<indexColumnUsage>
<colUsage columnID="B0629A5A-7191-6D77-144C-D560EAA2A2C0"/>
</indexColumnUsage>
</ind_PK_UK>
</indexes>
</Table>