<?xml version = '1.0' encoding = 'UTF-8'?>
<Table class="oracle.dbtools.crest.model.design.relational.Table" directorySegmentName="seg_0" id="713652E5-AF4E-1D67-13E1-4A03FFE64BE5" name="COUNTRY">
<createdBy>luism</createdBy>
<createdTime>2025-02-16 18:03:34 UTC</createdTime>
<ownerDesignName>HDB-COMPUNET</ownerDesignName>
<ordsAlias>table_35</ordsAlias>
<allowColumnReorder>false</allowColumnReorder>
<existDependencyGenerateInDDl>true</existDependencyGenerateInDDl>
<parsed>true</parsed>
<columns itemClass="oracle.dbtools.crest.model.design.relational.Column">
<Column name="id" id="521EE012-8721-9986-A4B6-70B48555AC28">
<createdBy>luism</createdBy>
<createdTime>2025-02-16 18:03:57 UTC</createdTime>
<ownerDesignName>HDB-COMPUNET</ownerDesignName>
<useDomainConstraints>false</useDomainConstraints>
<use>1</use>
<logicalDatatype>LOGDT024</logicalDatatype>
<dataTypeSize>50</dataTypeSize>
<ownDataTypeParameters>50,,</ownDataTypeParameters>
<autoIncrementCycle>false</autoIncrementCycle>
</Column>
<Column name="name" id="21835D95-F68B-BAD9-A954-E97E8F45048A">
<createdBy>luism</createdBy>
<createdTime>2025-02-16 18:03:57 UTC</createdTime>
<ownerDesignName>HDB-COMPUNET</ownerDesignName>
<useDomainConstraints>false</useDomainConstraints>
<use>1</use>
<logicalDatatype>LOGDT024</logicalDatatype>
<dataTypeSize>50</dataTypeSize>
<ownDataTypeParameters>50,,</ownDataTypeParameters>
<autoIncrementCycle>false</autoIncrementCycle>
</Column>
</columns>
<indexes itemClass="oracle.dbtools.crest.model.design.relational.Index">
<ind_PK_UK id="D88EBC6D-6BB5-54AD-E79F-64EBE2A17608" name="COUNTRY_PK">
<createdBy>luism</createdBy>
<createdTime>2025-02-16 18:03:57 UTC</createdTime>
<ownerDesignName>HDB-COMPUNET</ownerDesignName>
<pk>true</pk>
<indexState>Primary Constraint</indexState>
<isSurrogateKey>false</isSurrogateKey>
<indexColumnUsage>
<colUsage columnID="521EE012-8721-9986-A4B6-70B48555AC28"/>
</indexColumnUsage>
</ind_PK_UK>
</indexes>
</Table>