<?xml version = '1.0' encoding = 'UTF-8'?>
<Table class="oracle.dbtools.crest.model.design.relational.Table" directorySegmentName="seg_0" id="962D0C86-B106-B4AA-EA5B-B869463C9BAB" name="EXAM_RESULT">
<createdBy>luism</createdBy>
<createdTime>2025-02-16 18:12:42 UTC</createdTime>
<ownerDesignName>HDB-COMPUNET</ownerDesignName>
<ordsAlias>table_38</ordsAlias>
<allowColumnReorder>false</allowColumnReorder>
<existDependencyGenerateInDDl>true</existDependencyGenerateInDDl>
<parsed>true</parsed>
<columns itemClass="oracle.dbtools.crest.model.design.relational.Column">
<Column name="id" id="C6C08E34-14FA-44F3-809F-E4806F0902F7">
<createdBy>luism</createdBy>
<createdTime>2025-02-16 18:13:40 UTC</createdTime>
<ownerDesignName>HDB-COMPUNET</ownerDesignName>
<useDomainConstraints>false</useDomainConstraints>
<use>1</use>
<logicalDatatype>LOGDT024</logicalDatatype>
<dataTypeSize>50</dataTypeSize>
<ownDataTypeParameters>50,,</ownDataTypeParameters>
<autoIncrementCycle>false</autoIncrementCycle>
</Column>
<Column name="result_date" id="8664DBFD-BB2B-96C0-CCD4-373514DFC8E7">
<createdBy>luism</createdBy>
<createdTime>2025-02-17 20:11:43 UTC</createdTime>
<ownerDesignName>HDB-COMPUNET</ownerDesignName>
<useDomainConstraints>false</useDomainConstraints>
<use>1</use>
<logicalDatatype>LOGDT007</logicalDatatype>
<ownDataTypeParameters>,,</ownDataTypeParameters>
<autoIncrementCycle>false</autoIncrementCycle>
</Column>
<Column name="description" id="160E89DC-84C0-EB45-4224-829487C3B127">
<createdBy>luism</createdBy>
<createdTime>2025-02-16 18:13:40 UTC</createdTime>
<ownerDesignName>HDB-COMPUNET</ownerDesignName>
<useDomainConstraints>false</useDomainConstraints>
<use>1</use>
<logicalDatatype>LOGDT040</logicalDatatype>
<ownDataTypeParameters>,,</ownDataTypeParameters>
<autoIncrementCycle>false</autoIncrementCycle>
</Column>
<Column name="PATIENT_id" id="7A5F5250-925B-3A6B-640E-6713BA56F8A1">
<createdBy>luism</createdBy>
<createdTime>2025-02-16 18:15:02 UTC</createdTime>
<ownerDesignName>HDB-COMPUNET</ownerDesignName>
<useDomainConstraints>false</useDomainConstraints>
<use>1</use>
<logicalDatatype>LOGDT024</logicalDatatype>
<ownDataTypeParameters>,,</ownDataTypeParameters>
<previousColumn>false</previousColumn>
<autoIncrementCycle>false</autoIncrementCycle>
<associations>
<colAssociation fkAssociation="4C54A250-E1E5-C2B3-D849-173AF18633D6" referredColumn="2ACB6C1E-99D3-9472-EAE9-E641E1A7E1C8"/>
</associations>
</Column>
<Column name="result" id="9351BF4E-A6D7-0AC1-2C23-BF7AC9A04863">
<createdBy>luism</createdBy>
<createdTime>2025-02-17 20:12:06 UTC</createdTime>
<ownerDesignName>HDB-COMPUNET</ownerDesignName>
<useDomainConstraints>false</useDomainConstraints>
<use>1</use>
<logicalDatatype>47823B89-BECE-2D4A-B641-EE3BE6149078</logicalDatatype>
<ownDataTypeParameters>,,</ownDataTypeParameters>
<autoIncrementCycle>false</autoIncrementCycle>
</Column>
<Column name="EXAM_TYPE_id" id="CD96D4FE-60D9-AA9A-DE81-8C822A4BD992">
<createdBy>luism</createdBy>
<createdTime>2025-02-16 18:18:11 UTC</createdTime>
<ownerDesignName>HDB-COMPUNET</ownerDesignName>
<useDomainConstraints>false</useDomainConstraints>
<use>1</use>
<logicalDatatype>LOGDT024</logicalDatatype>
<ownDataTypeParameters>,,</ownDataTypeParameters>
<previousColumn>false</previousColumn>
<autoIncrementCycle>false</autoIncrementCycle>
</Column>
<Column name="STAFF_id" id="1128F7A5-2319-173E-F5FE-2698D5A4FB09">
<createdBy>luism</createdBy>
<createdTime>2025-02-17 20:17:58 UTC</createdTime>
<ownerDesignName>HDB-COMPUNET</ownerDesignName>
<useDomainConstraints>false</useDomainConstraints>
<use>1</use>
<logicalDatatype>LOGDT024</logicalDatatype>
<dataTypeSize>50</dataTypeSize>
<ownDataTypeParameters>,,</ownDataTypeParameters>
<previousColumn>false</previousColumn>
<autoIncrementCycle>false</autoIncrementCycle>
<associations>
<colAssociation fkAssociation="DAB7D0D1-5C76-1988-16E5-9861EB17F5A3" referredColumn="5FF2FA2E-CCB0-2AA1-A394-3CD7FE181C10"/>
</associations>
</Column>
<Column name="EXAM_TYPE_name" id="689DFB7B-EF26-8DF9-E8AE-C9FBF571621E">
<createdBy>luism</createdBy>
<createdTime>2025-02-17 20:23:51 UTC</createdTime>
<ownerDesignName>HDB-COMPUNET</ownerDesignName>
<use>0</use>
<ownDataTypeParameters>,,</ownDataTypeParameters>
<previousColumn>false</previousColumn>
<autoIncrementCycle>false</autoIncrementCycle>
<associations>
<colAssociation fkAssociation="4680F8B3-A8CB-C5E0-9CD7-C40E878CB75A" referredColumn="469782FB-84CC-4E1A-194B-5BD1332F4782"/>
</associations>
</Column>
</columns>
<indexes itemClass="oracle.dbtools.crest.model.design.relational.Index">
<ind_PK_UK id="BC02B291-9542-3D70-F4BF-78C0B1A4BFE8" name="EXAM_PK">
<createdBy>luism</createdBy>
<createdTime>2025-02-16 18:13:40 UTC</createdTime>
<ownerDesignName>HDB-COMPUNET</ownerDesignName>
<pk>true</pk>
<indexState>Primary Constraint</indexState>
<isSurrogateKey>false</isSurrogateKey>
<indexColumnUsage>
<colUsage columnID="C6C08E34-14FA-44F3-809F-E4806F0902F7"/>
</indexColumnUsage>
</ind_PK_UK>
<ind_PK_UK id="71341AB7-BF73-F6C0-B907-F9B1CA6B0904" name="EXAM_PATIENT_FK">
<createdBy>luism</createdBy>
<createdTime>2025-02-16 18:15:02 UTC</createdTime>
<ownerDesignName>HDB-COMPUNET</ownerDesignName>
<indexState>Foreign Key</indexState>
<isSurrogateKey>false</isSurrogateKey>
<indexColumnUsage>
<colUsage columnID="7A5F5250-925B-3A6B-640E-6713BA56F8A1"/>
</indexColumnUsage>
</ind_PK_UK>
<ind_PK_UK id="E18CA31A-ACC6-367D-5855-E079639258BE" name="EXAM_RESULT_STAFF_FK">
<createdBy>luism</createdBy>
<createdTime>2025-02-17 20:17:58 UTC</createdTime>
<ownerDesignName>HDB-COMPUNET</ownerDesignName>
<indexState>Foreign Key</indexState>
<isSurrogateKey>false</isSurrogateKey>
<indexColumnUsage>
<colUsage columnID="1128F7A5-2319-173E-F5FE-2698D5A4FB09"/>
</indexColumnUsage>
</ind_PK_UK>
<ind_PK_UK id="B7B37CF1-A3CA-5EA0-5A92-17DBB4C5FEAA" name="EXAM_RESULT_EXAM_TYPE_FK">
<createdBy>luism</createdBy>
<createdTime>2025-02-17 20:23:51 UTC</createdTime>
<ownerDesignName>HDB-COMPUNET</ownerDesignName>
<indexState>Foreign Key</indexState>
<isSurrogateKey>false</isSurrogateKey>
<indexColumnUsage>
<colUsage columnID="689DFB7B-EF26-8DF9-E8AE-C9FBF571621E"/>
</indexColumnUsage>
</ind_PK_UK>
</indexes>
</Table>