<?xml version = '1.0' encoding = 'UTF-8'?>
<Table class="oracle.dbtools.crest.model.design.relational.Table" directorySegmentName="seg_0" id="9923DADA-49D9-C5FF-24A7-518257D1294B" name="CITY">
<createdBy>luism</createdBy>
<createdTime>2025-02-16 18:02:41 UTC</createdTime>
<ownerDesignName>HDB-COMPUNET</ownerDesignName>
<ordsAlias>table_34</ordsAlias>
<allowColumnReorder>false</allowColumnReorder>
<existDependencyGenerateInDDl>true</existDependencyGenerateInDDl>
<parsed>true</parsed>
<columns itemClass="oracle.dbtools.crest.model.design.relational.Column">
<Column name="id" id="CB8B4803-D419-0943-3AD2-632BDDB510EE">
<createdBy>luism</createdBy>
<createdTime>2025-02-16 18:03:12 UTC</createdTime>
<ownerDesignName>HDB-COMPUNET</ownerDesignName>
<useDomainConstraints>false</useDomainConstraints>
<use>1</use>
<logicalDatatype>LOGDT024</logicalDatatype>
<dataTypeSize>50</dataTypeSize>
<ownDataTypeParameters>50,,</ownDataTypeParameters>
<autoIncrementCycle>false</autoIncrementCycle>
</Column>
<Column name="name" id="71FC4FC8-9F55-1097-6416-AA11BA070566">
<createdBy>luism</createdBy>
<createdTime>2025-02-16 18:03:12 UTC</createdTime>
<ownerDesignName>HDB-COMPUNET</ownerDesignName>
<useDomainConstraints>false</useDomainConstraints>
<use>1</use>
<logicalDatatype>LOGDT024</logicalDatatype>
<dataTypeSize>50</dataTypeSize>
<ownDataTypeParameters>50,,</ownDataTypeParameters>
<autoIncrementCycle>false</autoIncrementCycle>
</Column>
<Column name="COUNTRY_id" id="43FE28A9-82F7-630E-EDB1-E68E56C6E9B9">
<createdBy>luism</createdBy>
<createdTime>2025-02-17 19:23:21 UTC</createdTime>
<ownerDesignName>HDB-COMPUNET</ownerDesignName>
<useDomainConstraints>false</useDomainConstraints>
<use>1</use>
<logicalDatatype>LOGDT024</logicalDatatype>
<dataTypeSize>50</dataTypeSize>
<ownDataTypeParameters>,,</ownDataTypeParameters>
<previousColumn>false</previousColumn>
<autoIncrementCycle>false</autoIncrementCycle>
<associations>
<colAssociation fkAssociation="D3960758-82AF-8055-095C-5E166206AA7C" referredColumn="521EE012-8721-9986-A4B6-70B48555AC28"/>
</associations>
</Column>
</columns>
<indexes itemClass="oracle.dbtools.crest.model.design.relational.Index">
<ind_PK_UK id="A9023246-D7A3-D7BF-E100-A805813CBA1B" name="CITY_PK">
<createdBy>luism</createdBy>
<createdTime>2025-02-16 18:03:12 UTC</createdTime>
<ownerDesignName>HDB-COMPUNET</ownerDesignName>
<pk>true</pk>
<indexState>Primary Constraint</indexState>
<isSurrogateKey>false</isSurrogateKey>
<indexColumnUsage>
<colUsage columnID="CB8B4803-D419-0943-3AD2-632BDDB510EE"/>
</indexColumnUsage>
</ind_PK_UK>
<ind_PK_UK id="8DC06735-8516-8F90-8A21-CB16B99B13A9" name="CITY_COUNTRY_FK">
<createdBy>luism</createdBy>
<createdTime>2025-02-17 19:23:21 UTC</createdTime>
<ownerDesignName>HDB-COMPUNET</ownerDesignName>
<indexState>Foreign Key</indexState>
<isSurrogateKey>false</isSurrogateKey>
<indexColumnUsage>
<colUsage columnID="43FE28A9-82F7-630E-EDB1-E68E56C6E9B9"/>
</indexColumnUsage>
</ind_PK_UK>
</indexes>
</Table>