<?xml version = '1.0' encoding = 'UTF-8'?>
<Table class="oracle.dbtools.crest.model.design.relational.Table" directorySegmentName="seg_0" id="99B45C15-ACED-CE2B-F38F-B6A5878B7839" name="EMERGENCY CONTACT">
<createdBy>luism</createdBy>
<createdTime>2025-02-16 17:23:38 UTC</createdTime>
<ownerDesignName>HDB-COMPUNET</ownerDesignName>
<ordsAlias>table_9</ordsAlias>
<allowColumnReorder>false</allowColumnReorder>
<existDependencyGenerateInDDl>true</existDependencyGenerateInDDl>
<parsed>true</parsed>
<columns itemClass="oracle.dbtools.crest.model.design.relational.Column">
<Column name="id" id="90DA9E37-0562-75DD-0C57-AF481E76336A">
<createdBy>luism</createdBy>
<createdTime>2025-02-16 17:25:15 UTC</createdTime>
<ownerDesignName>HDB-COMPUNET</ownerDesignName>
<useDomainConstraints>false</useDomainConstraints>
<use>1</use>
<logicalDatatype>LOGDT024</logicalDatatype>
<dataTypeSize>50</dataTypeSize>
<ownDataTypeParameters>50,,</ownDataTypeParameters>
<autoIncrementCycle>false</autoIncrementCycle>
</Column>
<Column name="name" id="48FCA8F8-6759-D827-0C51-0844EF2142C3">
<createdBy>luism</createdBy>
<createdTime>2025-02-16 17:25:15 UTC</createdTime>
<ownerDesignName>HDB-COMPUNET</ownerDesignName>
<useDomainConstraints>false</useDomainConstraints>
<use>1</use>
<logicalDatatype>LOGDT024</logicalDatatype>
<dataTypeSize>50</dataTypeSize>
<ownDataTypeParameters>50,,</ownDataTypeParameters>
<autoIncrementCycle>false</autoIncrementCycle>
</Column>
<Column name="address" id="0E67E072-6DB9-47A2-08CE-E3008C505D94">
<createdBy>luism</createdBy>
<createdTime>2025-02-16 17:25:15 UTC</createdTime>
<ownerDesignName>HDB-COMPUNET</ownerDesignName>
<useDomainConstraints>false</useDomainConstraints>
<use>1</use>
<logicalDatatype>LOGDT024</logicalDatatype>
<dataTypeSize>50</dataTypeSize>
<ownDataTypeParameters>50,,</ownDataTypeParameters>
<autoIncrementCycle>false</autoIncrementCycle>
</Column>
<Column name="phone" id="D4A58B4B-7802-CF2F-00DC-C7340D8FF156">
<createdBy>luism</createdBy>
<createdTime>2025-02-16 17:25:15 UTC</createdTime>
<ownerDesignName>HDB-COMPUNET</ownerDesignName>
<useDomainConstraints>false</useDomainConstraints>
<use>1</use>
<logicalDatatype>LOGDT024</logicalDatatype>
<dataTypeSize>50</dataTypeSize>
<ownDataTypeParameters>50,,</ownDataTypeParameters>
<autoIncrementCycle>false</autoIncrementCycle>
</Column>
<Column name="email" id="82B5C73B-3B38-DAA6-9928-A55ECFD81F7B">
<createdBy>luism</createdBy>
<createdTime>2025-02-16 17:25:15 UTC</createdTime>
<ownerDesignName>HDB-COMPUNET</ownerDesignName>
<useDomainConstraints>false</useDomainConstraints>
<use>1</use>
<logicalDatatype>LOGDT024</logicalDatatype>
<dataTypeSize>100</dataTypeSize>
<ownDataTypeParameters>100,,</ownDataTypeParameters>
<autoIncrementCycle>false</autoIncrementCycle>
</Column>
<Column name="description" id="0781BC18-20B2-FCAF-B8D2-01D9B353A8DF">
<createdBy>luism</createdBy>
<createdTime>2025-02-16 17:25:15 UTC</createdTime>
<ownerDesignName>HDB-COMPUNET</ownerDesignName>
<nullsAllowed>true</nullsAllowed>
<useDomainConstraints>false</useDomainConstraints>
<use>1</use>
<logicalDatatype>LOGDT040</logicalDatatype>
<ownDataTypeParameters>,,</ownDataTypeParameters>
<autoIncrementCycle>false</autoIncrementCycle>
</Column>
<Column name="CITY_id" id="E0FCC205-E452-E6F2-5BF6-7EA88ECAB320">
<createdBy>luism</createdBy>
<createdTime>2025-02-16 18:04:15 UTC</createdTime>
<ownerDesignName>HDB-COMPUNET</ownerDesignName>
<useDomainConstraints>false</useDomainConstraints>
<use>1</use>
<logicalDatatype>LOGDT024</logicalDatatype>
<dataTypeSize>50</dataTypeSize>
<ownDataTypeParameters>,,</ownDataTypeParameters>
<previousColumn>false</previousColumn>
<autoIncrementCycle>false</autoIncrementCycle>
<associations>
<colAssociation fkAssociation="AC2D7CA3-60D8-F4B8-3CA1-29ED05420210" referredColumn="CB8B4803-D419-0943-3AD2-632BDDB510EE"/>
</associations>
</Column>
<Column name="COUNTRY_id" id="674A0DD8-267A-8E5A-3E9A-088B857A4D62">
<createdBy>luism</createdBy>
<createdTime>2025-02-16 18:04:21 UTC</createdTime>
<ownerDesignName>HDB-COMPUNET</ownerDesignName>
<useDomainConstraints>false</useDomainConstraints>
<use>1</use>
<logicalDatatype>LOGDT024</logicalDatatype>
<dataTypeSize>50</dataTypeSize>
<ownDataTypeParameters>,,</ownDataTypeParameters>
<previousColumn>false</previousColumn>
<autoIncrementCycle>false</autoIncrementCycle>
<associations>
<colAssociation fkAssociation="1E0C8270-88B9-A532-8A31-74E08E74A217" referredColumn="521EE012-8721-9986-A4B6-70B48555AC28"/>
</associations>
</Column>
</columns>
<indexes itemClass="oracle.dbtools.crest.model.design.relational.Index">
<ind_PK_UK id="57460F66-DD97-E005-3EF1-FD8179BEEAD4" name="EMERGENCY CONTACT_PK">
<createdBy>luism</createdBy>
<createdTime>2025-02-16 17:25:15 UTC</createdTime>
<ownerDesignName>HDB-COMPUNET</ownerDesignName>
<pk>true</pk>
<indexState>Primary Constraint</indexState>
<isSurrogateKey>false</isSurrogateKey>
<indexColumnUsage>
<colUsage columnID="90DA9E37-0562-75DD-0C57-AF481E76336A"/>
</indexColumnUsage>
</ind_PK_UK>
<ind_PK_UK id="E1C6B771-6003-14E7-F6D9-08B4B823A82A" name="EMERGENCY CONTACT_CITY_FK">
<createdBy>luism</createdBy>
<createdTime>2025-02-16 18:04:15 UTC</createdTime>
<ownerDesignName>HDB-COMPUNET</ownerDesignName>
<indexState>Foreign Key</indexState>
<isSurrogateKey>false</isSurrogateKey>
<indexColumnUsage>
<colUsage columnID="E0FCC205-E452-E6F2-5BF6-7EA88ECAB320"/>
</indexColumnUsage>
</ind_PK_UK>
<ind_PK_UK id="52BFD480-6DB3-D1DE-DC45-F2701DF2B5E8" name="EMERGENCY CONTACT_COUNTRY_FK">
<createdBy>luism</createdBy>
<createdTime>2025-02-16 18:04:21 UTC</createdTime>
<ownerDesignName>HDB-COMPUNET</ownerDesignName>
<indexState>Foreign Key</indexState>
<isSurrogateKey>false</isSurrogateKey>
<indexColumnUsage>
<colUsage columnID="674A0DD8-267A-8E5A-3E9A-088B857A4D62"/>
</indexColumnUsage>
</ind_PK_UK>
</indexes>
</Table>