<?xml version = '1.0' encoding = 'UTF-8'?>
<Table class="oracle.dbtools.crest.model.design.relational.Table" directorySegmentName="seg_0" id="A351A0AE-899E-F1DF-D1A2-039F69F78186" name="DIAGNOSIS">
<createdBy>luism</createdBy>
<createdTime>2025-02-16 17:28:48 UTC</createdTime>
<ownerDesignName>HDB-COMPUNET</ownerDesignName>
<ordsAlias>table_12</ordsAlias>
<allowColumnReorder>false</allowColumnReorder>
<existDependencyGenerateInDDl>true</existDependencyGenerateInDDl>
<parsed>true</parsed>
<columns itemClass="oracle.dbtools.crest.model.design.relational.Column">
<Column name="id" id="12E97BC7-EC39-1F4A-8A29-B2FDBC1F3960">
<createdBy>luism</createdBy>
<createdTime>2025-02-16 17:29:30 UTC</createdTime>
<ownerDesignName>HDB-COMPUNET</ownerDesignName>
<useDomainConstraints>false</useDomainConstraints>
<use>1</use>
<logicalDatatype>LOGDT024</logicalDatatype>
<dataTypeSize>50</dataTypeSize>
<ownDataTypeParameters>50,,</ownDataTypeParameters>
<autoIncrementCycle>false</autoIncrementCycle>
</Column>
<Column name="description" id="9594845D-0FBD-19A7-CBC8-AFE75DA950BC">
<createdBy>luism</createdBy>
<createdTime>2025-02-16 17:29:30 UTC</createdTime>
<ownerDesignName>HDB-COMPUNET</ownerDesignName>
<useDomainConstraints>false</useDomainConstraints>
<use>1</use>
<logicalDatatype>LOGDT040</logicalDatatype>
<ownDataTypeParameters>,,</ownDataTypeParameters>
<autoIncrementCycle>false</autoIncrementCycle>
</Column>
<Column name="ATTENTION EPISODE_id" id="C1F8FC0C-7E2D-6948-A3FE-9E9DCD33158E">
<createdBy>luism</createdBy>
<createdTime>2025-02-17 19:28:26 UTC</createdTime>
<ownerDesignName>HDB-COMPUNET</ownerDesignName>
<useDomainConstraints>false</useDomainConstraints>
<use>1</use>
<logicalDatatype>LOGDT024</logicalDatatype>
<dataTypeSize>30</dataTypeSize>
<ownDataTypeParameters>,,</ownDataTypeParameters>
<previousColumn>false</previousColumn>
<autoIncrementCycle>false</autoIncrementCycle>
<associations>
<colAssociation fkAssociation="B86619F3-C512-D438-6BB7-A357BBB8AEB4" referredColumn="2AE83EDE-571D-5557-2120-E713E173C070"/>
</associations>
</Column>
</columns>
<indexes itemClass="oracle.dbtools.crest.model.design.relational.Index">
<ind_PK_UK id="55CB5EC1-5384-675A-0925-62C56F07953A" name="DIAGNOSIS_PK">
<createdBy>luism</createdBy>
<createdTime>2025-02-16 17:29:30 UTC</createdTime>
<ownerDesignName>HDB-COMPUNET</ownerDesignName>
<pk>true</pk>
<indexState>Primary Constraint</indexState>
<isSurrogateKey>false</isSurrogateKey>
<indexColumnUsage>
<colUsage columnID="12E97BC7-EC39-1F4A-8A29-B2FDBC1F3960"/>
</indexColumnUsage>
</ind_PK_UK>
<ind_PK_UK id="DAEC8556-E321-815D-7321-BCFF2C3A61DE" name="DIAGNOSIS_ATTENTION EPISODE_FK">
<createdBy>luism</createdBy>
<createdTime>2025-02-17 19:28:26 UTC</createdTime>
<ownerDesignName>HDB-COMPUNET</ownerDesignName>
<indexState>Foreign Key</indexState>
<isSurrogateKey>false</isSurrogateKey>
<indexColumnUsage>
<colUsage columnID="C1F8FC0C-7E2D-6948-A3FE-9E9DCD33158E"/>
</indexColumnUsage>
</ind_PK_UK>
</indexes>
</Table>