<?xml version = '1.0' encoding = 'UTF-8'?>
<Table class="oracle.dbtools.crest.model.design.relational.Table" directorySegmentName="seg_0" id="A9DA912A-540D-3123-B58C-3F2DFF0B9D0A" name="CLINIC_HISTORIAL_STATUS">
<createdBy>luism</createdBy>
<createdTime>2025-02-17 19:17:30 UTC</createdTime>
<ownerDesignName>HDB-COMPUNET</ownerDesignName>
<ordsAlias>table_37</ordsAlias>
<allowColumnReorder>false</allowColumnReorder>
<existDependencyGenerateInDDl>true</existDependencyGenerateInDDl>
<parsed>true</parsed>
<columns itemClass="oracle.dbtools.crest.model.design.relational.Column">
<Column name="name" id="E9D941EC-CAFE-C8CA-2595-4BE5607FE431">
<createdBy>luism</createdBy>
<createdTime>2025-02-17 19:17:52 UTC</createdTime>
<ownerDesignName>HDB-COMPUNET</ownerDesignName>
<useDomainConstraints>false</useDomainConstraints>
<use>1</use>
<logicalDatatype>LOGDT024</logicalDatatype>
<dataTypeSize>8</dataTypeSize>
<ownDataTypeParameters>8,,</ownDataTypeParameters>
<autoIncrementCycle>false</autoIncrementCycle>
</Column>
</columns>
<indexes itemClass="oracle.dbtools.crest.model.design.relational.Index">
<ind_PK_UK id="E020B67A-DCB9-27C3-99B4-C3FC8E1EF824" name="CLINIC_HISTORIAL_STATUS_PK">
<createdBy>luism</createdBy>
<createdTime>2025-02-17 19:18:06 UTC</createdTime>
<ownerDesignName>HDB-COMPUNET</ownerDesignName>
<pk>true</pk>
<indexState>Primary Constraint</indexState>
<isSurrogateKey>false</isSurrogateKey>
<indexColumnUsage>
<colUsage columnID="E9D941EC-CAFE-C8CA-2595-4BE5607FE431"/>
</indexColumnUsage>
</ind_PK_UK>
</indexes>
</Table>