<?xml version = '1.0' encoding = 'UTF-8'?>
<Table class="oracle.dbtools.crest.model.design.relational.Table" directorySegmentName="seg_0" id="B3C65835-56E3-0F3D-F6FA-14D1386AC0D1" name="CLINICAL_HISTORY">
<createdBy>luism</createdBy>
<createdTime>2025-02-16 17:27:39 UTC</createdTime>
<ownerDesignName>HDB-COMPUNET</ownerDesignName>
<ordsAlias>table_11</ordsAlias>
<allowColumnReorder>false</allowColumnReorder>
<existDependencyGenerateInDDl>true</existDependencyGenerateInDDl>
<parsed>true</parsed>
<columns itemClass="oracle.dbtools.crest.model.design.relational.Column">
<Column name="id" id="837A29A8-81D1-5D24-B0BD-FBFBB9582108">
<createdBy>luism</createdBy>
<createdTime>2025-02-16 17:28:26 UTC</createdTime>
<ownerDesignName>HDB-COMPUNET</ownerDesignName>
<useDomainConstraints>false</useDomainConstraints>
<use>1</use>
<logicalDatatype>LOGDT024</logicalDatatype>
<dataTypeSize>50</dataTypeSize>
<ownDataTypeParameters>50,,</ownDataTypeParameters>
<autoIncrementCycle>false</autoIncrementCycle>
</Column>
<Column name="creation_date" id="A244E067-0CEE-65B3-9257-94FF81C7D9DC">
<createdBy>luism</createdBy>
<createdTime>2025-02-16 17:28:26 UTC</createdTime>
<ownerDesignName>HDB-COMPUNET</ownerDesignName>
<useDomainConstraints>false</useDomainConstraints>
<use>1</use>
<logicalDatatype>LOGDT007</logicalDatatype>
<ownDataTypeParameters>,,</ownDataTypeParameters>
<autoIncrementCycle>false</autoIncrementCycle>
</Column>
<Column name="CLINIC_HISTORIAL_STATUS_name" id="B27BD0D4-3229-9170-FF03-0C7DFBA73B29">
<createdBy>luism</createdBy>
<createdTime>2025-02-17 19:18:09 UTC</createdTime>
<ownerDesignName>HDB-COMPUNET</ownerDesignName>
<use>1</use>
<logicalDatatype>LOGDT024</logicalDatatype>
<dataTypeSize>8</dataTypeSize>
<ownDataTypeParameters>,,</ownDataTypeParameters>
<previousColumn>false</previousColumn>
<autoIncrementCycle>false</autoIncrementCycle>
<associations>
<colAssociation fkAssociation="21FC9856-ED8C-1F40-06AF-71871C7E9B18" referredColumn="E9D941EC-CAFE-C8CA-2595-4BE5607FE431"/>
</associations>
</Column>
<Column name="PATIENT_id" id="CFAD8408-A3CF-FB12-1382-AA78511A5BF0">
<createdBy>luism</createdBy>
<createdTime>2025-02-17 19:21:48 UTC</createdTime>
<ownerDesignName>HDB-COMPUNET</ownerDesignName>
<useDomainConstraints>false</useDomainConstraints>
<use>1</use>
<logicalDatatype>LOGDT024</logicalDatatype>
<ownDataTypeParameters>,,</ownDataTypeParameters>
<previousColumn>false</previousColumn>
<autoIncrementCycle>false</autoIncrementCycle>
<associations>
<colAssociation fkAssociation="8E0F87CE-54A3-9F24-0D80-A31EF16A94EF" referredColumn="2ACB6C1E-99D3-9472-EAE9-E641E1A7E1C8"/>
</associations>
</Column>
</columns>
<indexes itemClass="oracle.dbtools.crest.model.design.relational.Index">
<ind_PK_UK id="1CCDEEE2-327E-FE1E-94BB-F6CDB5F54ED4" name="CLINICAL_HISTORY_PK">
<createdBy>luism</createdBy>
<createdTime>2025-02-16 17:29:59 UTC</createdTime>
<ownerDesignName>HDB-COMPUNET</ownerDesignName>
<pk>true</pk>
<indexState>Primary Constraint</indexState>
<isSurrogateKey>false</isSurrogateKey>
<indexColumnUsage>
<colUsage columnID="837A29A8-81D1-5D24-B0BD-FBFBB9582108"/>
</indexColumnUsage>
</ind_PK_UK>
<ind_PK_UK id="61F269FD-3C7A-8A62-0780-76E7ECA87854" name="CLINICAL_HISTORY_CLINIC_HISTORIAL_STATUS_FK">
<createdBy>luism</createdBy>
<createdTime>2025-02-17 19:18:09 UTC</createdTime>
<ownerDesignName>HDB-COMPUNET</ownerDesignName>
<indexState>Foreign Key</indexState>
<isSurrogateKey>false</isSurrogateKey>
<indexColumnUsage>
<colUsage columnID="B27BD0D4-3229-9170-FF03-0C7DFBA73B29"/>
</indexColumnUsage>
</ind_PK_UK>
<ind_PK_UK id="FAD8408C-497C-A59F-F2CE-7D985595587F" name="CLINICAL_HISTORY_PATIENT_FK">
<createdBy>luism</createdBy>
<createdTime>2025-02-17 19:21:48 UTC</createdTime>
<ownerDesignName>HDB-COMPUNET</ownerDesignName>
<indexState>Foreign Key</indexState>
<isSurrogateKey>false</isSurrogateKey>
<indexColumnUsage>
<colUsage columnID="CFAD8408-A3CF-FB12-1382-AA78511A5BF0"/>
</indexColumnUsage>
</ind_PK_UK>
</indexes>
</Table>