<?xml version = '1.0' encoding = 'UTF-8'?>
<Table class="oracle.dbtools.crest.model.design.relational.Table" directorySegmentName="seg_0" id="CA042E53-81E4-12F8-2134-ABD29BA8BFED" name="ASSISTANCE_ACT">
<createdBy>luism</createdBy>
<createdTime>2025-02-16 17:38:16 UTC</createdTime>
<ownerDesignName>HDB-COMPUNET</ownerDesignName>
<ordsAlias>table_20</ordsAlias>
<allowColumnReorder>false</allowColumnReorder>
<existDependencyGenerateInDDl>true</existDependencyGenerateInDDl>
<parsed>true</parsed>
<columns itemClass="oracle.dbtools.crest.model.design.relational.Column">
<Column name="id" id="4E3ED408-3405-D9AB-D81F-D235BA706E9F">
<createdBy>luism</createdBy>
<createdTime>2025-02-16 17:39:05 UTC</createdTime>
<ownerDesignName>HDB-COMPUNET</ownerDesignName>
<useDomainConstraints>false</useDomainConstraints>
<use>1</use>
<logicalDatatype>LOGDT024</logicalDatatype>
<dataTypeSize>50</dataTypeSize>
<ownDataTypeParameters>50,,</ownDataTypeParameters>
<autoIncrementCycle>false</autoIncrementCycle>
</Column>
<Column name="issue_date" id="950EB11B-8111-7474-8D9C-C8ACB50C4119">
<createdBy>luism</createdBy>
<createdTime>2025-02-16 17:39:05 UTC</createdTime>
<ownerDesignName>HDB-COMPUNET</ownerDesignName>
<nullsAllowed>true</nullsAllowed>
<useDomainConstraints>false</useDomainConstraints>
<use>1</use>
<logicalDatatype>LOGDT007</logicalDatatype>
<ownDataTypeParameters>,,</ownDataTypeParameters>
<autoIncrementCycle>false</autoIncrementCycle>
</Column>
<Column name="description" id="300CDF36-6DE7-98F5-73E1-E726B956AE5C">
<createdBy>luism</createdBy>
<createdTime>2025-02-16 17:39:05 UTC</createdTime>
<ownerDesignName>HDB-COMPUNET</ownerDesignName>
<useDomainConstraints>false</useDomainConstraints>
<use>1</use>
<logicalDatatype>LOGDT040</logicalDatatype>
<ownDataTypeParameters>,,</ownDataTypeParameters>
<autoIncrementCycle>false</autoIncrementCycle>
</Column>
<Column name="ASSISTANCE_ACT_TYPE_name" id="8B95FE1A-DA4D-0AB9-F110-A1B3735C861E">
<createdBy>luism</createdBy>
<createdTime>2025-02-17 19:35:57 UTC</createdTime>
<ownerDesignName>HDB-COMPUNET</ownerDesignName>
<useDomainConstraints>false</useDomainConstraints>
<use>1</use>
<logicalDatatype>LOGDT024</logicalDatatype>
<ownDataTypeParameters>,,</ownDataTypeParameters>
<previousColumn>false</previousColumn>
<autoIncrementCycle>false</autoIncrementCycle>
<associations>
<colAssociation fkAssociation="D4538E42-69D8-E848-62F7-5C561FEA11E9" referredColumn="163EF491-D595-6ACA-0946-95DFCB264D16"/>
</associations>
</Column>
<Column name="ATTENTION EPISODE_id" id="C7F43FBA-910D-00D9-FF02-7FC8A62752EA">
<createdBy>luism</createdBy>
<createdTime>2025-02-17 19:39:03 UTC</createdTime>
<ownerDesignName>HDB-COMPUNET</ownerDesignName>
<useDomainConstraints>false</useDomainConstraints>
<use>1</use>
<logicalDatatype>LOGDT024</logicalDatatype>
<dataTypeSize>30</dataTypeSize>
<ownDataTypeParameters>,,</ownDataTypeParameters>
<previousColumn>false</previousColumn>
<autoIncrementCycle>false</autoIncrementCycle>
<associations>
<colAssociation fkAssociation="B92CEF9A-6473-FACC-8CD3-193B2620ECD0" referredColumn="2AE83EDE-571D-5557-2120-E713E173C070"/>
</associations>
</Column>
<Column name="STAFF_id" id="E03EABB7-E9ED-0AC4-8C8A-08F8D798F74D">
<createdBy>luism</createdBy>
<createdTime>2025-02-17 19:40:02 UTC</createdTime>
<ownerDesignName>HDB-COMPUNET</ownerDesignName>
<useDomainConstraints>false</useDomainConstraints>
<use>1</use>
<logicalDatatype>LOGDT024</logicalDatatype>
<dataTypeSize>50</dataTypeSize>
<ownDataTypeParameters>,,</ownDataTypeParameters>
<previousColumn>false</previousColumn>
<autoIncrementCycle>false</autoIncrementCycle>
<associations>
<colAssociation fkAssociation="5D58853C-2D14-6EB2-6841-959355971C32" referredColumn="5FF2FA2E-CCB0-2AA1-A394-3CD7FE181C10"/>
</associations>
</Column>
</columns>
<indexes itemClass="oracle.dbtools.crest.model.design.relational.Index">
<ind_PK_UK id="E3613CB4-C848-8A05-0DFA-7869FF66E852" name="TREATMENT_PK">
<createdBy>luism</createdBy>
<createdTime>2025-02-16 17:39:05 UTC</createdTime>
<ownerDesignName>HDB-COMPUNET</ownerDesignName>
<pk>true</pk>
<indexState>Primary Constraint</indexState>
<isSurrogateKey>false</isSurrogateKey>
<indexColumnUsage>
<colUsage columnID="4E3ED408-3405-D9AB-D81F-D235BA706E9F"/>
</indexColumnUsage>
</ind_PK_UK>
<ind_PK_UK id="E3FBF326-6D3D-EF7C-3655-6745EB289FA5" name="TREATMENT_TREATMENT_RISK_FK">
<createdBy>luism</createdBy>
<createdTime>2025-02-16 17:42:02 UTC</createdTime>
<ownerDesignName>HDB-COMPUNET</ownerDesignName>
<indexState>Foreign Key</indexState>
<isSurrogateKey>false</isSurrogateKey>
<indexColumnUsage>
<colUsage columnID="8B95FE1A-DA4D-0AB9-F110-A1B3735C861E"/>
</indexColumnUsage>
</ind_PK_UK>
<ind_PK_UK id="865FC6B3-44F7-9CC3-4465-3DA9F9428A25" name="ASSISTANCE_ACT_ATTENTION EPISODE_FK">
<createdBy>luism</createdBy>
<createdTime>2025-02-17 19:39:03 UTC</createdTime>
<ownerDesignName>HDB-COMPUNET</ownerDesignName>
<indexState>Foreign Key</indexState>
<isSurrogateKey>false</isSurrogateKey>
<indexColumnUsage>
<colUsage columnID="C7F43FBA-910D-00D9-FF02-7FC8A62752EA"/>
</indexColumnUsage>
</ind_PK_UK>
<ind_PK_UK id="92ED9E51-69AA-6726-B806-C085D04088B4" name="ASSISTANCE_ACT_STAFF_FK">
<createdBy>luism</createdBy>
<createdTime>2025-02-17 19:40:02 UTC</createdTime>
<ownerDesignName>HDB-COMPUNET</ownerDesignName>
<indexState>Foreign Key</indexState>
<isSurrogateKey>false</isSurrogateKey>
<indexColumnUsage>
<colUsage columnID="E03EABB7-E9ED-0AC4-8C8A-08F8D798F74D"/>
</indexColumnUsage>
</ind_PK_UK>
</indexes>
</Table>