<?xml version = '1.0' encoding = 'UTF-8'?>
<Table class="oracle.dbtools.crest.model.design.relational.Table" directorySegmentName="seg_0" id="CCF41441-A1B4-6F05-174C-B54B1FFCAFC4" name="STAFF_SPECIALITIES">
<createdBy>luism</createdBy>
<createdTime>2025-02-16 17:57:18 UTC</createdTime>
<ownerDesignName>HDB-COMPUNET</ownerDesignName>
<ordsAlias>table_30</ordsAlias>
<allowColumnReorder>false</allowColumnReorder>
<existDependencyGenerateInDDl>true</existDependencyGenerateInDDl>
<parsed>true</parsed>
<columns itemClass="oracle.dbtools.crest.model.design.relational.Column">
<Column name="STAFF_id" id="E9220C49-CCA5-0C3E-7600-B36F29728F80">
<createdBy>luism</createdBy>
<createdTime>2025-02-16 17:57:47 UTC</createdTime>
<ownerDesignName>HDB-COMPUNET</ownerDesignName>
<useDomainConstraints>false</useDomainConstraints>
<use>1</use>
<logicalDatatype>LOGDT024</logicalDatatype>
<dataTypeSize>50</dataTypeSize>
<ownDataTypeParameters>50,,</ownDataTypeParameters>
<previousColumn>false</previousColumn>
<autoIncrementCycle>false</autoIncrementCycle>
<associations>
<colAssociation fkAssociation="D9D11A05-0BD7-7849-029F-E49B6105B86C" referredColumn="5FF2FA2E-CCB0-2AA1-A394-3CD7FE181C10"/>
</associations>
</Column>
<Column name="SPECIALITY_id" id="C2742179-C450-5E75-2C26-32FA9B2D7FFD">
<createdBy>luism</createdBy>
<createdTime>2025-02-16 17:57:52 UTC</createdTime>
<ownerDesignName>HDB-COMPUNET</ownerDesignName>
<useDomainConstraints>false</useDomainConstraints>
<use>1</use>
<logicalDatatype>LOGDT024</logicalDatatype>
<dataTypeSize>50</dataTypeSize>
<ownDataTypeParameters>50,,</ownDataTypeParameters>
<previousColumn>false</previousColumn>
<autoIncrementCycle>false</autoIncrementCycle>
</Column>
<Column name="SPECIALITY_name" id="1CCEA052-2B4A-FD77-8BBE-BEE77C937DB8">
<createdBy>luism</createdBy>
<createdTime>2025-02-17 19:36:28 UTC</createdTime>
<ownerDesignName>HDB-COMPUNET</ownerDesignName>
<useDomainConstraints>false</useDomainConstraints>
<use>1</use>
<logicalDatatype>LOGDT024</logicalDatatype>
<dataTypeSize>50</dataTypeSize>
<ownDataTypeParameters>,,</ownDataTypeParameters>
<previousColumn>false</previousColumn>
<autoIncrementCycle>false</autoIncrementCycle>
<associations>
<colAssociation fkAssociation="3F97C1BA-E8D9-4658-F6FC-647F817ACACF" referredColumn="11A95C61-645D-5C8C-E7B6-94628091D89B"/>
</associations>
</Column>
</columns>
<indexes itemClass="oracle.dbtools.crest.model.design.relational.Index">
<ind_PK_UK id="D15DB52E-9FD0-45E7-1ABD-C09C71B1CC9D" name="STAFF_SPECIALITIES_PK">
<createdBy>luism</createdBy>
<createdTime>2025-02-16 18:42:10 UTC</createdTime>
<ownerDesignName>HDB-COMPUNET</ownerDesignName>
<pk>true</pk>
<indexState>Primary Constraint</indexState>
<isSurrogateKey>false</isSurrogateKey>
<indexColumnUsage>
<colUsage columnID="E9220C49-CCA5-0C3E-7600-B36F29728F80"/>
<colUsage columnID="C2742179-C450-5E75-2C26-32FA9B2D7FFD"/>
</indexColumnUsage>
</ind_PK_UK>
<ind_PK_UK id="074C5472-7C8A-7950-89D0-DD6A01438746" name="STAFF_SPECIALITIES_STAFF_FK">
<createdBy>luism</createdBy>
<createdTime>2025-02-16 17:57:47 UTC</createdTime>
<ownerDesignName>HDB-COMPUNET</ownerDesignName>
<indexState>Foreign Key</indexState>
<isSurrogateKey>false</isSurrogateKey>
<indexColumnUsage>
<colUsage columnID="E9220C49-CCA5-0C3E-7600-B36F29728F80"/>
</indexColumnUsage>
</ind_PK_UK>
<ind_PK_UK id="4775530A-CE22-D075-096B-09EA24F1649F" name="STAFF_SPECIALITIES_SPECIALITY_FK">
<createdBy>luism</createdBy>
<createdTime>2025-02-16 17:57:52 UTC</createdTime>
<ownerDesignName>HDB-COMPUNET</ownerDesignName>
<indexState>Foreign Key</indexState>
<isSurrogateKey>false</isSurrogateKey>
<indexColumnUsage>
<colUsage columnID="1CCEA052-2B4A-FD77-8BBE-BEE77C937DB8"/>
</indexColumnUsage>
</ind_PK_UK>
</indexes>
</Table>