<?xml version = '1.0' encoding = 'UTF-8'?>
<Table class="oracle.dbtools.crest.model.design.relational.Table" directorySegmentName="seg_0" id="D00715F6-5130-2038-C424-09AF5D185C75" name="ASSISTANCE_ACT_TYPE">
<createdBy>luism</createdBy>
<createdTime>2025-02-16 17:41:00 UTC</createdTime>
<ownerDesignName>HDB-COMPUNET</ownerDesignName>
<ordsAlias>table_21</ordsAlias>
<allowColumnReorder>false</allowColumnReorder>
<existDependencyGenerateInDDl>true</existDependencyGenerateInDDl>
<parsed>true</parsed>
<columns itemClass="oracle.dbtools.crest.model.design.relational.Column">
<Column name="name" id="163EF491-D595-6ACA-0946-95DFCB264D16">
<createdBy>luism</createdBy>
<createdTime>2025-02-16 17:41:55 UTC</createdTime>
<ownerDesignName>HDB-COMPUNET</ownerDesignName>
<useDomainConstraints>false</useDomainConstraints>
<use>1</use>
<logicalDatatype>LOGDT024</logicalDatatype>
<ownDataTypeParameters>,,</ownDataTypeParameters>
<autoIncrementCycle>false</autoIncrementCycle>
</Column>
</columns>
<indexes itemClass="oracle.dbtools.crest.model.design.relational.Index">
<ind_PK_UK id="5D3DB2EA-0A90-74D3-8D4F-0241190A61E1" name="TREATMENT_RISK_PK">
<createdBy>luism</createdBy>
<createdTime>2025-02-16 17:41:55 UTC</createdTime>
<ownerDesignName>HDB-COMPUNET</ownerDesignName>
<pk>true</pk>
<indexState>Primary Constraint</indexState>
<isSurrogateKey>false</isSurrogateKey>
<indexColumnUsage>
<colUsage columnID="163EF491-D595-6ACA-0946-95DFCB264D16"/>
</indexColumnUsage>
</ind_PK_UK>
</indexes>
</Table>