<?xml version = '1.0' encoding = 'UTF-8'?>
<Table class="oracle.dbtools.crest.model.design.relational.Table" directorySegmentName="seg_0" id="EE777B01-90FB-B068-CE5B-25E50493FD8C" name="STAFF_TYPE">
<createdBy>luism</createdBy>
<createdTime>2025-02-16 17:33:17 UTC</createdTime>
<ownerDesignName>HDB-COMPUNET</ownerDesignName>
<ordsAlias>table_15</ordsAlias>
<allowColumnReorder>false</allowColumnReorder>
<existDependencyGenerateInDDl>true</existDependencyGenerateInDDl>
<parsed>true</parsed>
<columns itemClass="oracle.dbtools.crest.model.design.relational.Column">
<Column name="name" id="3B5AF9FE-4140-2630-2798-07C46FCCAB92">
<createdBy>luism</createdBy>
<createdTime>2025-02-16 17:33:43 UTC</createdTime>
<ownerDesignName>HDB-COMPUNET</ownerDesignName>
<useDomainConstraints>false</useDomainConstraints>
<use>1</use>
<logicalDatatype>LOGDT024</logicalDatatype>
<dataTypeSize>100</dataTypeSize>
<ownDataTypeParameters>100,,</ownDataTypeParameters>
<autoIncrementCycle>false</autoIncrementCycle>
</Column>
</columns>
<indexes itemClass="oracle.dbtools.crest.model.design.relational.Index">
<ind_PK_UK id="E857D700-A2A6-8F45-C37F-3EDA5ED80B22" name="STAFF_TYPE_PK">
<createdBy>luism</createdBy>
<createdTime>2025-02-16 17:33:43 UTC</createdTime>
<ownerDesignName>HDB-COMPUNET</ownerDesignName>
<pk>true</pk>
<indexState>Primary Constraint</indexState>
<isSurrogateKey>false</isSurrogateKey>
<indexColumnUsage>
<colUsage columnID="3B5AF9FE-4140-2630-2798-07C46FCCAB92"/>
</indexColumnUsage>
</ind_PK_UK>
</indexes>
</Table>