<?xml version = '1.0' encoding = 'UTF-8'?>
<Table class="oracle.dbtools.crest.model.design.relational.Table" directorySegmentName="seg_0" id="F2353CA8-D7D1-F3CA-9695-C703F9CAD7F9" name="SPECIALITY">
<createdBy>luism</createdBy>
<createdTime>2025-02-16 17:34:14 UTC</createdTime>
<ownerDesignName>HDB-COMPUNET</ownerDesignName>
<ordsAlias>table_16</ordsAlias>
<allowColumnReorder>false</allowColumnReorder>
<existDependencyGenerateInDDl>true</existDependencyGenerateInDDl>
<parsed>true</parsed>
<columns itemClass="oracle.dbtools.crest.model.design.relational.Column">
<Column name="name" id="11A95C61-645D-5C8C-E7B6-94628091D89B">
<createdBy>luism</createdBy>
<createdTime>2025-02-16 17:34:46 UTC</createdTime>
<ownerDesignName>HDB-COMPUNET</ownerDesignName>
<useDomainConstraints>false</useDomainConstraints>
<use>1</use>
<logicalDatatype>LOGDT024</logicalDatatype>
<dataTypeSize>50</dataTypeSize>
<ownDataTypeParameters>50,,</ownDataTypeParameters>
<autoIncrementCycle>false</autoIncrementCycle>
</Column>
<Column name="academic_institution" id="A80C12A2-72EB-A07C-9046-E9783D14444B">
<createdBy>luism</createdBy>
<createdTime>2025-02-17 19:10:44 UTC</createdTime>
<ownerDesignName>HDB-COMPUNET</ownerDesignName>
<useDomainConstraints>false</useDomainConstraints>
<use>1</use>
<ownDataTypeParameters>,,</ownDataTypeParameters>
<autoIncrementCycle>false</autoIncrementCycle>
</Column>
</columns>
<indexes itemClass="oracle.dbtools.crest.model.design.relational.Index">
<ind_PK_UK id="66DDEA4B-8578-DD2B-D7D0-08FA828176CB" name="SPECIALITY_PK">
<createdBy>luism</createdBy>
<createdTime>2025-02-16 17:34:46 UTC</createdTime>
<ownerDesignName>HDB-COMPUNET</ownerDesignName>
<pk>true</pk>
<indexState>Primary Constraint</indexState>
<isSurrogateKey>false</isSurrogateKey>
<indexColumnUsage>
<colUsage columnID="11A95C61-645D-5C8C-E7B6-94628091D89B"/>
</indexColumnUsage>
</ind_PK_UK>
</indexes>
</Table>