<?xml version = '1.0' encoding = 'UTF-8'?>
<Table class="oracle.dbtools.crest.model.design.relational.Table" directorySegmentName="seg_0" id="F4E96E82-EC09-116A-8332-C924B4376018" name="LOCATION">
<createdBy>luism</createdBy>
<createdTime>2025-02-16 18:00:25 UTC</createdTime>
<ownerDesignName>HDB-COMPUNET</ownerDesignName>
<ordsAlias>table_33</ordsAlias>
<allowColumnReorder>false</allowColumnReorder>
<existDependencyGenerateInDDl>true</existDependencyGenerateInDDl>
<parsed>true</parsed>
<columns itemClass="oracle.dbtools.crest.model.design.relational.Column">
<Column name="id" id="E7E39039-0EC3-4E6E-5B4E-DABD3627D647">
<createdBy>luism</createdBy>
<createdTime>2025-02-16 18:02:12 UTC</createdTime>
<ownerDesignName>HDB-COMPUNET</ownerDesignName>
<useDomainConstraints>false</useDomainConstraints>
<use>1</use>
<logicalDatatype>LOGDT024</logicalDatatype>
<dataTypeSize>50</dataTypeSize>
<ownDataTypeParameters>50,,</ownDataTypeParameters>
<autoIncrementCycle>false</autoIncrementCycle>
</Column>
<Column name="name" id="8C0FFECA-414C-0287-379A-82B0FCB11ECB">
<createdBy>luism</createdBy>
<createdTime>2025-02-16 18:02:12 UTC</createdTime>
<ownerDesignName>HDB-COMPUNET</ownerDesignName>
<useDomainConstraints>false</useDomainConstraints>
<use>1</use>
<logicalDatatype>LOGDT024</logicalDatatype>
<dataTypeSize>50</dataTypeSize>
<ownDataTypeParameters>50,,</ownDataTypeParameters>
<autoIncrementCycle>false</autoIncrementCycle>
</Column>
<Column name="address" id="5F7EF580-DE82-6E26-40B6-1D828061B4DD">
<createdBy>luism</createdBy>
<createdTime>2025-02-16 18:02:12 UTC</createdTime>
<ownerDesignName>HDB-COMPUNET</ownerDesignName>
<useDomainConstraints>false</useDomainConstraints>
<use>1</use>
<logicalDatatype>LOGDT024</logicalDatatype>
<dataTypeSize>50</dataTypeSize>
<ownDataTypeParameters>50,,</ownDataTypeParameters>
<autoIncrementCycle>false</autoIncrementCycle>
</Column>
<Column name="description" id="87AB58E6-D742-9C23-1199-5A5117AE5D15">
<createdBy>luism</createdBy>
<createdTime>2025-02-17 20:02:59 UTC</createdTime>
<ownerDesignName>HDB-COMPUNET</ownerDesignName>
<nullsAllowed>true</nullsAllowed>
<useDomainConstraints>false</useDomainConstraints>
<use>1</use>
<logicalDatatype>LOGDT040</logicalDatatype>
<ownDataTypeParameters>,,</ownDataTypeParameters>
<autoIncrementCycle>false</autoIncrementCycle>
</Column>
<Column name="LOCATION_TYPE_name" id="2325235A-5CF9-6EC5-4ED2-447B1A239168">
<createdBy>luism</createdBy>
<createdTime>2025-02-17 20:03:28 UTC</createdTime>
<ownerDesignName>HDB-COMPUNET</ownerDesignName>
<useDomainConstraints>false</useDomainConstraints>
<use>1</use>
<logicalDatatype>LOGDT024</logicalDatatype>
<dataTypeSize>30</dataTypeSize>
<ownDataTypeParameters>,,</ownDataTypeParameters>
<previousColumn>false</previousColumn>
<autoIncrementCycle>false</autoIncrementCycle>
<associations>
<colAssociation fkAssociation="025E3CBE-962C-86F5-4003-B6ECF8FE2583" referredColumn="11F78843-586B-A665-96E4-7D4E963FD857"/>
</associations>
</Column>
</columns>
<indexes itemClass="oracle.dbtools.crest.model.design.relational.Index">
<ind_PK_UK id="541AFA92-13D6-8231-25C5-A8D50B44C6DB" name="LOCATION_PK">
<createdBy>luism</createdBy>
<createdTime>2025-02-16 18:02:12 UTC</createdTime>
<ownerDesignName>HDB-COMPUNET</ownerDesignName>
<pk>true</pk>
<indexState>Primary Constraint</indexState>
<isSurrogateKey>false</isSurrogateKey>
<indexColumnUsage>
<colUsage columnID="E7E39039-0EC3-4E6E-5B4E-DABD3627D647"/>
</indexColumnUsage>
</ind_PK_UK>
<ind_PK_UK id="63E080F0-9BF7-92CF-AF1E-FCB66B982852" name="LOCATION_LOCATION_TYPE_FK">
<createdBy>luism</createdBy>
<createdTime>2025-02-17 20:03:28 UTC</createdTime>
<ownerDesignName>HDB-COMPUNET</ownerDesignName>
<indexState>Foreign Key</indexState>
<isSurrogateKey>false</isSurrogateKey>
<indexColumnUsage>
<colUsage columnID="2325235A-5CF9-6EC5-4ED2-447B1A239168"/>
</indexColumnUsage>
</ind_PK_UK>
</indexes>
</Table>