<?xml version = '1.0' encoding = 'UTF-8'?>
<Table class="oracle.dbtools.crest.model.design.relational.Table" directorySegmentName="seg_0" id="F7AF8BD7-781C-70F8-B3A2-9E26BC96DBCA" name="STAFF_TYPES">
<createdBy>luism</createdBy>
<createdTime>2025-02-16 17:58:59 UTC</createdTime>
<ownerDesignName>HDB-COMPUNET</ownerDesignName>
<ordsAlias>table_31</ordsAlias>
<allowColumnReorder>false</allowColumnReorder>
<existDependencyGenerateInDDl>true</existDependencyGenerateInDDl>
<parsed>true</parsed>
<columns itemClass="oracle.dbtools.crest.model.design.relational.Column">
<Column name="STAFF_id" id="D6DEF586-EBB1-DDB3-4FC7-7E5D59A892D9">
<createdBy>luism</createdBy>
<createdTime>2025-02-16 17:59:09 UTC</createdTime>
<ownerDesignName>HDB-COMPUNET</ownerDesignName>
<useDomainConstraints>false</useDomainConstraints>
<use>1</use>
<logicalDatatype>LOGDT024</logicalDatatype>
<dataTypeSize>50</dataTypeSize>
<ownDataTypeParameters>50,,</ownDataTypeParameters>
<previousColumn>false</previousColumn>
<autoIncrementCycle>false</autoIncrementCycle>
<associations>
<colAssociation fkAssociation="8B7DDF17-7557-B56B-B2BB-4B603538B7F7" referredColumn="5FF2FA2E-CCB0-2AA1-A394-3CD7FE181C10"/>
</associations>
</Column>
<Column name="STAFF_TYPE_id" id="FC263791-382F-5379-B5C1-8FD6C97A03CB">
<createdBy>luism</createdBy>
<createdTime>2025-02-16 17:59:13 UTC</createdTime>
<ownerDesignName>HDB-COMPUNET</ownerDesignName>
<useDomainConstraints>false</useDomainConstraints>
<use>1</use>
<logicalDatatype>LOGDT024</logicalDatatype>
<dataTypeSize>50</dataTypeSize>
<ownDataTypeParameters>50,,</ownDataTypeParameters>
<previousColumn>false</previousColumn>
<autoIncrementCycle>false</autoIncrementCycle>
</Column>
<Column name="STAFF_TYPE_name" id="05E32C47-1270-6A41-AA90-F4500EAF18BA">
<createdBy>luism</createdBy>
<createdTime>2025-02-17 19:36:14 UTC</createdTime>
<ownerDesignName>HDB-COMPUNET</ownerDesignName>
<useDomainConstraints>false</useDomainConstraints>
<use>1</use>
<logicalDatatype>LOGDT024</logicalDatatype>
<dataTypeSize>100</dataTypeSize>
<ownDataTypeParameters>,,</ownDataTypeParameters>
<previousColumn>false</previousColumn>
<autoIncrementCycle>false</autoIncrementCycle>
<associations>
<colAssociation fkAssociation="59C38708-E77E-4D53-0A67-4D15566940F3" referredColumn="3B5AF9FE-4140-2630-2798-07C46FCCAB92"/>
</associations>
</Column>
</columns>
<indexes itemClass="oracle.dbtools.crest.model.design.relational.Index">
<ind_PK_UK id="78D5EE2E-8B3C-B15F-EC94-C7381D1AC7A1" name="STAFF_TYPES_PK">
<createdBy>luism</createdBy>
<createdTime>2025-02-16 18:42:04 UTC</createdTime>
<ownerDesignName>HDB-COMPUNET</ownerDesignName>
<pk>true</pk>
<indexState>Primary Constraint</indexState>
<isSurrogateKey>false</isSurrogateKey>
<indexColumnUsage>
<colUsage columnID="D6DEF586-EBB1-DDB3-4FC7-7E5D59A892D9"/>
<colUsage columnID="FC263791-382F-5379-B5C1-8FD6C97A03CB"/>
</indexColumnUsage>
</ind_PK_UK>
<ind_PK_UK id="4234EB9E-6748-1D17-BBE2-876FD5224375" name="STAFF_TYPES_STAFF_FK">
<createdBy>luism</createdBy>
<createdTime>2025-02-16 17:59:09 UTC</createdTime>
<ownerDesignName>HDB-COMPUNET</ownerDesignName>
<indexState>Foreign Key</indexState>
<isSurrogateKey>false</isSurrogateKey>
<indexColumnUsage>
<colUsage columnID="D6DEF586-EBB1-DDB3-4FC7-7E5D59A892D9"/>
</indexColumnUsage>
</ind_PK_UK>
<ind_PK_UK id="7D2B6272-E4B9-B16F-9FEF-37B4E0B5AD69" name="STAFF_TYPES_STAFF_TYPE_FK">
<createdBy>luism</createdBy>
<createdTime>2025-02-16 17:59:13 UTC</createdTime>
<ownerDesignName>HDB-COMPUNET</ownerDesignName>
<indexState>Foreign Key</indexState>
<isSurrogateKey>false</isSurrogateKey>
<indexColumnUsage>
<colUsage columnID="05E32C47-1270-6A41-AA90-F4500EAF18BA"/>
</indexColumnUsage>
</ind_PK_UK>
</indexes>
</Table>