<?xml version = '1.0' encoding = 'UTF-8'?>
<Table class="oracle.dbtools.crest.model.design.relational.Table" directorySegmentName="seg_0" id="F8BC78C4-067C-D1D2-5ED3-015B1C8F6B56" name="AVAILABILITY">
<createdBy>luism</createdBy>
<createdTime>2025-02-16 17:35:25 UTC</createdTime>
<ownerDesignName>HDB-COMPUNET</ownerDesignName>
<ordsAlias>table_17</ordsAlias>
<allowColumnReorder>false</allowColumnReorder>
<existDependencyGenerateInDDl>true</existDependencyGenerateInDDl>
<parsed>true</parsed>
<columns itemClass="oracle.dbtools.crest.model.design.relational.Column">
<Column name="id" id="898EDC0D-62DD-E102-BF74-6AB576CC5F31">
<createdBy>luism</createdBy>
<createdTime>2025-02-16 17:36:48 UTC</createdTime>
<ownerDesignName>HDB-COMPUNET</ownerDesignName>
<useDomainConstraints>false</useDomainConstraints>
<use>1</use>
<logicalDatatype>LOGDT024</logicalDatatype>
<dataTypeSize>50</dataTypeSize>
<ownDataTypeParameters>50,,</ownDataTypeParameters>
<autoIncrementCycle>false</autoIncrementCycle>
</Column>
<Column name="week_day" id="3BB2A997-CD00-AE28-F51C-85DFFFCDB337">
<createdBy>luism</createdBy>
<createdTime>2025-02-16 17:36:48 UTC</createdTime>
<ownerDesignName>HDB-COMPUNET</ownerDesignName>
<useDomainConstraints>false</useDomainConstraints>
<use>1</use>
<logicalDatatype>LOGDT024</logicalDatatype>
<dataTypeSize>10</dataTypeSize>
<ownDataTypeParameters>10,,</ownDataTypeParameters>
<autoIncrementCycle>false</autoIncrementCycle>
</Column>
<Column name="start_time" id="B07FB334-9CF8-0293-287F-0DEFA1733C09">
<createdBy>luism</createdBy>
<createdTime>2025-02-16 17:36:48 UTC</createdTime>
<ownerDesignName>HDB-COMPUNET</ownerDesignName>
<useDomainConstraints>false</useDomainConstraints>
<use>1</use>
<logicalDatatype>LOGDT008</logicalDatatype>
<ownDataTypeParameters>,,</ownDataTypeParameters>
<autoIncrementCycle>false</autoIncrementCycle>
</Column>
<Column name="end_time" id="62640F7C-413B-3C20-102A-F68189AFDA41">
<createdBy>luism</createdBy>
<createdTime>2025-02-16 17:36:48 UTC</createdTime>
<ownerDesignName>HDB-COMPUNET</ownerDesignName>
<useDomainConstraints>false</useDomainConstraints>
<use>1</use>
<logicalDatatype>LOGDT008</logicalDatatype>
<ownDataTypeParameters>,,</ownDataTypeParameters>
<autoIncrementCycle>false</autoIncrementCycle>
</Column>
<Column name="status" id="406B563A-0814-AE33-1FA7-EDCC60E3DDE2">
<createdBy>luism</createdBy>
<createdTime>2025-02-17 20:04:46 UTC</createdTime>
<ownerDesignName>HDB-COMPUNET</ownerDesignName>
<useDomainConstraints>false</useDomainConstraints>
<use>1</use>
<logicalDatatype>LOGDT006</logicalDatatype>
<dataTypeSize>1</dataTypeSize>
<ownDataTypeParameters>1,,</ownDataTypeParameters>
<autoIncrementCycle>false</autoIncrementCycle>
</Column>
</columns>
<indexes itemClass="oracle.dbtools.crest.model.design.relational.Index">
<ind_PK_UK id="28B7AF13-BBA8-5D07-52AF-969CE83075C3" name="AVAILABILITY_PK">
<createdBy>luism</createdBy>
<createdTime>2025-02-16 17:36:48 UTC</createdTime>
<ownerDesignName>HDB-COMPUNET</ownerDesignName>
<pk>true</pk>
<indexState>Primary Constraint</indexState>
<isSurrogateKey>false</isSurrogateKey>
<indexColumnUsage>
<colUsage columnID="898EDC0D-62DD-E102-BF74-6AB576CC5F31"/>
</indexColumnUsage>
</ind_PK_UK>
</indexes>
</Table>