<?xml version = '1.0' encoding = 'UTF-8'?>
<Table class="oracle.dbtools.crest.model.design.relational.Table" directorySegmentName="seg_0" id="FFE2D5B4-8494-BE94-27C9-A411FE312AB9" name="REGISTER_CONTACT_EMERGENCY">
<createdBy>luism</createdBy>
<createdTime>2025-02-16 17:23:27 UTC</createdTime>
<ownerDesignName>HDB-COMPUNET</ownerDesignName>
<ordsAlias>table_8</ordsAlias>
<allowColumnReorder>false</allowColumnReorder>
<existDependencyGenerateInDDl>true</existDependencyGenerateInDDl>
<parsed>true</parsed>
<columns itemClass="oracle.dbtools.crest.model.design.relational.Column">
<Column name="PATIENT_id" id="F91E3798-76DE-43E8-FF14-CB89DD209205">
<createdBy>luism</createdBy>
<createdTime>2025-02-16 17:25:39 UTC</createdTime>
<ownerDesignName>HDB-COMPUNET</ownerDesignName>
<useDomainConstraints>false</useDomainConstraints>
<use>1</use>
<logicalDatatype>LOGDT024</logicalDatatype>
<ownDataTypeParameters>,,</ownDataTypeParameters>
<previousColumn>false</previousColumn>
<autoIncrementCycle>false</autoIncrementCycle>
<associations>
<colAssociation fkAssociation="0186D590-AECD-DB54-40FF-95BEB7E48F39" referredColumn="2ACB6C1E-99D3-9472-EAE9-E641E1A7E1C8"/>
</associations>
</Column>
<Column name="EMERGENCY CONTACT_id" id="468629E1-B32E-785E-4B66-14EB3C7098E4">
<createdBy>luism</createdBy>
<createdTime>2025-02-16 17:25:57 UTC</createdTime>
<ownerDesignName>HDB-COMPUNET</ownerDesignName>
<useDomainConstraints>false</useDomainConstraints>
<use>1</use>
<logicalDatatype>LOGDT024</logicalDatatype>
<dataTypeSize>50</dataTypeSize>
<ownDataTypeParameters>,,</ownDataTypeParameters>
<previousColumn>false</previousColumn>
<autoIncrementCycle>false</autoIncrementCycle>
<associations>
<colAssociation fkAssociation="40CEB241-18EF-0DB8-DBF1-7FDE496F5633" referredColumn="90DA9E37-0562-75DD-0C57-AF481E76336A"/>
</associations>
</Column>
</columns>
<indexes itemClass="oracle.dbtools.crest.model.design.relational.Index">
<ind_PK_UK id="3C2B99D6-AF6E-E3A0-1697-129F2E07EAF2" name="REGISTER_CONTACT_EMERGENCY_PK">
<createdBy>luism</createdBy>
<createdTime>2025-02-16 18:41:28 UTC</createdTime>
<ownerDesignName>HDB-COMPUNET</ownerDesignName>
<pk>true</pk>
<indexState>Primary Constraint</indexState>
<isSurrogateKey>false</isSurrogateKey>
<indexColumnUsage>
<colUsage columnID="F91E3798-76DE-43E8-FF14-CB89DD209205"/>
<colUsage columnID="468629E1-B32E-785E-4B66-14EB3C7098E4"/>
</indexColumnUsage>
</ind_PK_UK>
<ind_PK_UK id="837A35EE-7C1E-8392-EA0B-39901C1F2069" name="REGISTER_CONTACT_EMERGENCY_PATIENT_FK">
<createdBy>luism</createdBy>
<createdTime>2025-02-16 17:25:39 UTC</createdTime>
<ownerDesignName>HDB-COMPUNET</ownerDesignName>
<indexState>Foreign Key</indexState>
<isSurrogateKey>false</isSurrogateKey>
<indexColumnUsage>
<colUsage columnID="F91E3798-76DE-43E8-FF14-CB89DD209205"/>
</indexColumnUsage>
</ind_PK_UK>
<ind_PK_UK id="F8F592EC-7129-9D8C-8D82-927DFE97328C" name="REGISTER_CONTACT_EMERGENCY_EMERGENCY CONTACT_FK">
<createdBy>luism</createdBy>
<createdTime>2025-02-16 17:25:57 UTC</createdTime>
<ownerDesignName>HDB-COMPUNET</ownerDesignName>
<indexState>Foreign Key</indexState>
<isSurrogateKey>false</isSurrogateKey>
<indexColumnUsage>
<colUsage columnID="468629E1-B32E-785E-4B66-14EB3C7098E4"/>
</indexColumnUsage>
</ind_PK_UK>
</indexes>
</Table>