<?xml version = '1.0' encoding = 'UTF-8'?>
<Relation class="oracle.dbtools.crest.model.design.logical.Relation" name="INVOICE_DETAILS_INVOICE_FK" directorySegmentName="seg_0" id="018024BA-9218-9CD0-854E-84331DDC7E3B">
<createdBy>luism</createdBy>
<createdTime>2025-02-16 18:30:54 UTC</createdTime>
<generatorID>7D95B8DE-360C-29CE-431F-D8216FBFB0DE</generatorID>
<ownerDesignName>HDB-COMPUNET</ownerDesignName>
<engineerTo>
<item key="EF59AA19-8F8A-9D0A-E3EB-4FAE617C96E1" value="true"/>
</engineerTo>
<sourcePk>D8CDFFB5-B8E0-4888-3B85-60AE967E1096</sourcePk>
<identifying>false</identifying>
<optionalSource>true</optionalSource>
<optionalTarget>false</optionalTarget>
<sourceCardinality>1</sourceCardinality>
<sourceEntity>2F01A334-44E1-04C5-908F-DB37E16F27DD</sourceEntity>
<targetCardinalityString>*</targetCardinalityString>
<targetEntity>66D85866-2A68-14BA-26DF-AED3469B7334</targetEntity>
<transferable>true</transferable>
<deleteRule>NO ACTION</deleteRule>
</Relation>