<?xml version = '1.0' encoding = 'UTF-8'?>
<Relation class="oracle.dbtools.crest.model.design.logical.Relation" name="EMERGENCY CONTACT_CITY_FK" directorySegmentName="seg_0" id="05138633-0C92-B206-9502-5B5DEEB9F6C6">
<createdBy>luism</createdBy>
<createdTime>2025-02-16 18:30:54 UTC</createdTime>
<generatorID>AC2D7CA3-60D8-F4B8-3CA1-29ED05420210</generatorID>
<ownerDesignName>HDB-COMPUNET</ownerDesignName>
<engineerTo>
<item key="EF59AA19-8F8A-9D0A-E3EB-4FAE617C96E1" value="true"/>
</engineerTo>
<sourcePk>34BD1EC5-E720-D8ED-6439-4762632D3990</sourcePk>
<identifying>false</identifying>
<optionalSource>true</optionalSource>
<optionalTarget>false</optionalTarget>
<sourceCardinality>1</sourceCardinality>
<sourceEntity>FEFCE380-1D10-D200-0FB7-D4B65AA5032F</sourceEntity>
<targetCardinalityString>*</targetCardinalityString>
<targetEntity>0F2B2F7B-3E55-FCC5-0BDA-78FBF94143A9</targetEntity>
<transferable>true</transferable>
<deleteRule>NO ACTION</deleteRule>
</Relation>