<?xml version = '1.0' encoding = 'UTF-8'?>
<Relation class="oracle.dbtools.crest.model.design.logical.Relation" name="INVOICE_PAYMENT_STATUS_FK" directorySegmentName="seg_0" id="07F32556-83F5-0000-7054-58105295D07D">
<createdBy>luism</createdBy>
<createdTime>2025-02-16 18:30:54 UTC</createdTime>
<generatorID>EEC5DB05-E512-6F87-AAD2-805EE17E38C3</generatorID>
<ownerDesignName>HDB-COMPUNET</ownerDesignName>
<engineerTo>
<item key="EF59AA19-8F8A-9D0A-E3EB-4FAE617C96E1" value="true"/>
</engineerTo>
<sourcePk>C452874C-879D-D3BB-C440-46CF995075BB</sourcePk>
<identifying>false</identifying>
<optionalSource>true</optionalSource>
<optionalTarget>false</optionalTarget>
<sourceCardinality>1</sourceCardinality>
<sourceEntity>262E1592-64F4-F4F9-89AD-C805DEF7AE08</sourceEntity>
<targetCardinalityString>*</targetCardinalityString>
<targetEntity>2F01A334-44E1-04C5-908F-DB37E16F27DD</targetEntity>
<transferable>true</transferable>
<deleteRule>NO ACTION</deleteRule>
</Relation>