<?xml version = '1.0' encoding = 'UTF-8'?>
<Relation class="oracle.dbtools.crest.model.design.logical.Relation" name="STAFF_USER_FK" directorySegmentName="seg_0" id="0C6BBC7E-F6EA-F230-24DE-F866D04C949E">
<createdBy>luism</createdBy>
<createdTime>2025-02-16 18:30:54 UTC</createdTime>
<generatorID>83CE8E39-6081-D4EB-CC3A-0E2D8DFBC89B</generatorID>
<ownerDesignName>HDB-COMPUNET</ownerDesignName>
<engineerTo>
<item key="EF59AA19-8F8A-9D0A-E3EB-4FAE617C96E1" value="true"/>
</engineerTo>
<sourcePk>FD91856F-A1F9-816D-B63B-72E853484F09</sourcePk>
<identifying>false</identifying>
<optionalSource>true</optionalSource>
<optionalTarget>false</optionalTarget>
<sourceCardinality>1</sourceCardinality>
<sourceEntity>D8D5A580-83A3-F4DF-DA97-C4C7B72007A7</sourceEntity>
<targetCardinalityString>*</targetCardinalityString>
<targetEntity>B859C678-3E75-FE01-15EA-2F89D5F79E46</targetEntity>
<transferable>true</transferable>
<deleteRule>NO ACTION</deleteRule>
</Relation>