<?xml version = '1.0' encoding = 'UTF-8'?>
<Relation class="oracle.dbtools.crest.model.design.logical.Relation" name="PATIENT_USER_FK" directorySegmentName="seg_0" id="0F1DADC3-1BCA-B703-E3CC-C8D175F4C02B">
<createdBy>luism</createdBy>
<createdTime>2025-02-16 18:30:54 UTC</createdTime>
<generatorID>A719E8E7-2AB7-4D42-01C9-A4C165C7AB31</generatorID>
<ownerDesignName>HDB-COMPUNET</ownerDesignName>
<engineerTo>
<item key="EF59AA19-8F8A-9D0A-E3EB-4FAE617C96E1" value="true"/>
</engineerTo>
<sourcePk>FD91856F-A1F9-816D-B63B-72E853484F09</sourcePk>
<identifying>false</identifying>
<optionalSource>true</optionalSource>
<optionalTarget>false</optionalTarget>
<sourceCardinality>1</sourceCardinality>
<sourceEntity>D8D5A580-83A3-F4DF-DA97-C4C7B72007A7</sourceEntity>
<targetCardinalityString>*</targetCardinalityString>
<targetEntity>64359EF7-B999-CB62-5110-BA39331A3ADD</targetEntity>
<transferable>true</transferable>
<deleteRule>NO ACTION</deleteRule>
</Relation>