<?xml version = '1.0' encoding = 'UTF-8'?>
<Relation class="oracle.dbtools.crest.model.design.logical.Relation" name="APPOINTMENT_CONSULTATION ROOM_FK" directorySegmentName="seg_0" id="12E92507-869F-399E-C38D-4A99EBF7D6FB">
<createdBy>luism</createdBy>
<createdTime>2025-02-16 18:30:54 UTC</createdTime>
<generatorID>ABC6BAAA-C35F-6301-4DAC-9170D88C33DC</generatorID>
<ownerDesignName>HDB-COMPUNET</ownerDesignName>
<engineerTo>
<item key="EF59AA19-8F8A-9D0A-E3EB-4FAE617C96E1" value="true"/>
</engineerTo>
<sourcePk>1DA29E63-BF1A-9729-9167-CA55BECF06D5</sourcePk>
<identifying>false</identifying>
<optionalSource>true</optionalSource>
<optionalTarget>false</optionalTarget>
<sourceCardinality>1</sourceCardinality>
<sourceEntity>19CD64E0-8343-EBE9-7CBD-3D6998B9DE2C</sourceEntity>
<targetCardinalityString>*</targetCardinalityString>
<targetEntity>DEBAF585-D2B7-F132-632B-C77E2C3FBB47</targetEntity>
<transferable>true</transferable>
<deleteRule>NO ACTION</deleteRule>
</Relation>