<?xml version = '1.0' encoding = 'UTF-8'?>
<Relation class="oracle.dbtools.crest.model.design.logical.Relation" name="PATIENT_PROFESSION_FK" directorySegmentName="seg_0" id="156CD3EE-56A4-1371-0190-F97C391D10A2">
<createdBy>luism</createdBy>
<createdTime>2025-02-16 18:30:54 UTC</createdTime>
<generatorID>8323E9E2-43AD-C159-F27F-96EE16204177</generatorID>
<ownerDesignName>HDB-COMPUNET</ownerDesignName>
<engineerTo>
<item key="EF59AA19-8F8A-9D0A-E3EB-4FAE617C96E1" value="true"/>
</engineerTo>
<sourcePk>7167EE1B-8637-7B1E-0F12-8025E45B8373</sourcePk>
<identifying>false</identifying>
<optionalSource>true</optionalSource>
<optionalTarget>false</optionalTarget>
<sourceCardinality>1</sourceCardinality>
<sourceEntity>EDB60350-6A7D-1D71-824C-9093EAB2A852</sourceEntity>
<targetCardinalityString>*</targetCardinalityString>
<targetEntity>64359EF7-B999-CB62-5110-BA39331A3ADD</targetEntity>
<transferable>true</transferable>
<deleteRule>NO ACTION</deleteRule>
</Relation>