<?xml version = '1.0' encoding = 'UTF-8'?>
<Relation class="oracle.dbtools.crest.model.design.logical.Relation" name="STAFF_AVAILABILITY_AVAILABILITY_FK" directorySegmentName="seg_0" id="1611144D-B7AD-9026-347A-54D63AAEDC66">
<createdBy>luism</createdBy>
<createdTime>2025-02-16 18:30:54 UTC</createdTime>
<generatorID>E12EBDEA-5466-0E28-EEF5-E0861F86945A</generatorID>
<ownerDesignName>HDB-COMPUNET</ownerDesignName>
<engineerTo>
<item key="EF59AA19-8F8A-9D0A-E3EB-4FAE617C96E1" value="true"/>
</engineerTo>
<sourcePk>2F0358D5-5EE4-5AEE-61D9-A4E28DD7844D</sourcePk>
<identifying>false</identifying>
<optionalSource>true</optionalSource>
<optionalTarget>false</optionalTarget>
<sourceCardinality>1</sourceCardinality>
<sourceEntity>D1D754A8-EC75-A1FE-A546-B279D5A69E97</sourceEntity>
<targetCardinalityString>*</targetCardinalityString>
<targetEntity>767A2033-4E25-4FC6-339C-E60057E788B4</targetEntity>
<transferable>true</transferable>
<deleteRule>NO ACTION</deleteRule>
</Relation>