<?xml version = '1.0' encoding = 'UTF-8'?>
<Relation class="oracle.dbtools.crest.model.design.logical.Relation" name="EXAM_LOCATION_FK" directorySegmentName="seg_0" id="22ED4891-869C-C375-FD03-9F64C9B2509F">
<createdBy>luism</createdBy>
<createdTime>2025-02-16 18:30:54 UTC</createdTime>
<generatorID>56384669-EF73-BA2A-C09B-EC6220EA9960</generatorID>
<ownerDesignName>HDB-COMPUNET</ownerDesignName>
<engineerTo>
<item key="EF59AA19-8F8A-9D0A-E3EB-4FAE617C96E1" value="true"/>
</engineerTo>
<sourcePk>F14E3327-458F-B6D3-F426-AF705D541E1B</sourcePk>
<identifying>false</identifying>
<optionalSource>true</optionalSource>
<optionalTarget>false</optionalTarget>
<sourceCardinality>1</sourceCardinality>
<sourceEntity>8D2FB1EC-3F0C-77E5-3371-309128A9107B</sourceEntity>
<targetCardinalityString>*</targetCardinalityString>
<targetEntity>C14EF390-F82E-4299-A4CD-045D801F4591</targetEntity>
<transferable>true</transferable>
<deleteRule>NO ACTION</deleteRule>
</Relation>