<?xml version = '1.0' encoding = 'UTF-8'?>
<Relation class="oracle.dbtools.crest.model.design.logical.Relation" name="CONSULTATION ROOM_LOCATION_FK" directorySegmentName="seg_0" id="305265AE-435A-F5F2-6B68-E5120660653E">
<createdBy>luism</createdBy>
<createdTime>2025-02-16 18:30:54 UTC</createdTime>
<generatorID>B76B81FE-9511-A59E-C594-A94A49178AF7</generatorID>
<ownerDesignName>HDB-COMPUNET</ownerDesignName>
<engineerTo>
<item key="EF59AA19-8F8A-9D0A-E3EB-4FAE617C96E1" value="true"/>
</engineerTo>
<sourcePk>F14E3327-458F-B6D3-F426-AF705D541E1B</sourcePk>
<identifying>false</identifying>
<optionalSource>true</optionalSource>
<optionalTarget>false</optionalTarget>
<sourceCardinality>1</sourceCardinality>
<sourceEntity>8D2FB1EC-3F0C-77E5-3371-309128A9107B</sourceEntity>
<targetCardinalityString>*</targetCardinalityString>
<targetEntity>19CD64E0-8343-EBE9-7CBD-3D6998B9DE2C</targetEntity>
<transferable>true</transferable>
<deleteRule>NO ACTION</deleteRule>
</Relation>