<?xml version = '1.0' encoding = 'UTF-8'?>
<Relation class="oracle.dbtools.crest.model.design.logical.Relation" name="INVOICE_DETAILS_PAYMENT_METHOD_FK" directorySegmentName="seg_0" id="36129B26-9FC0-4F30-6EFC-8341761F001C">
<createdBy>luism</createdBy>
<createdTime>2025-02-16 18:30:54 UTC</createdTime>
<generatorID>3476C635-8359-5B45-869D-B2BF19B66B19</generatorID>
<ownerDesignName>HDB-COMPUNET</ownerDesignName>
<engineerTo>
<item key="EF59AA19-8F8A-9D0A-E3EB-4FAE617C96E1" value="true"/>
</engineerTo>
<sourcePk>17AAAF20-AB20-CA22-F8C5-58E13AC5C06C</sourcePk>
<identifying>false</identifying>
<optionalSource>true</optionalSource>
<optionalTarget>false</optionalTarget>
<sourceCardinality>1</sourceCardinality>
<sourceEntity>396F0468-3CE7-D7F4-6D74-4F04E2E37BBF</sourceEntity>
<targetCardinalityString>*</targetCardinalityString>
<targetEntity>66D85866-2A68-14BA-26DF-AED3469B7334</targetEntity>
<transferable>true</transferable>
<deleteRule>NO ACTION</deleteRule>
</Relation>