<?xml version = '1.0' encoding = 'UTF-8'?>
<Relation class="oracle.dbtools.crest.model.design.logical.Relation" name="INVOICE_PATIENT_FK" directorySegmentName="seg_0" id="3979E803-AFA1-F50E-CA18-B13E929528A2">
<createdBy>luism</createdBy>
<createdTime>2025-02-16 18:30:54 UTC</createdTime>
<generatorID>A98BACB2-85C2-0731-B91C-F23DCA445E28</generatorID>
<ownerDesignName>HDB-COMPUNET</ownerDesignName>
<engineerTo>
<item key="EF59AA19-8F8A-9D0A-E3EB-4FAE617C96E1" value="true"/>
</engineerTo>
<sourcePk>8BBF0CEC-B21D-3E7A-29E9-3E136E73302D</sourcePk>
<identifying>false</identifying>
<optionalSource>true</optionalSource>
<optionalTarget>false</optionalTarget>
<sourceCardinality>1</sourceCardinality>
<sourceEntity>64359EF7-B999-CB62-5110-BA39331A3ADD</sourceEntity>
<targetCardinalityString>*</targetCardinalityString>
<targetEntity>2F01A334-44E1-04C5-908F-DB37E16F27DD</targetEntity>
<transferable>true</transferable>
<deleteRule>NO ACTION</deleteRule>
</Relation>