<?xml version = '1.0' encoding = 'UTF-8'?>
<Relation class="oracle.dbtools.crest.model.design.logical.Relation" name="EMERGENCY CONTACT_COUNTRY_FK" directorySegmentName="seg_0" id="425E81C6-794E-99E4-7BD1-2042D80C09AD">
<createdBy>luism</createdBy>
<createdTime>2025-02-16 18:30:54 UTC</createdTime>
<generatorID>1E0C8270-88B9-A532-8A31-74E08E74A217</generatorID>
<ownerDesignName>HDB-COMPUNET</ownerDesignName>
<engineerTo>
<item key="EF59AA19-8F8A-9D0A-E3EB-4FAE617C96E1" value="true"/>
</engineerTo>
<sourcePk>B2638318-E7CD-6EC0-8DD9-BB990942CF4C</sourcePk>
<identifying>false</identifying>
<optionalSource>true</optionalSource>
<optionalTarget>false</optionalTarget>
<sourceCardinality>1</sourceCardinality>
<sourceEntity>7C75FF19-0F92-65FD-4DCF-93050FB54A07</sourceEntity>
<targetCardinalityString>*</targetCardinalityString>
<targetEntity>0F2B2F7B-3E55-FCC5-0BDA-78FBF94143A9</targetEntity>
<transferable>true</transferable>
<deleteRule>NO ACTION</deleteRule>
</Relation>