<?xml version = '1.0' encoding = 'UTF-8'?>
<Relation class="oracle.dbtools.crest.model.design.logical.Relation" name="PATIENT_COUNTRY_FK" directorySegmentName="seg_0" id="4290791B-4C47-862B-4587-90C54E054442">
<createdBy>luism</createdBy>
<createdTime>2025-02-16 18:30:54 UTC</createdTime>
<generatorID>5B2C709A-0DE0-6972-1139-81D0A1154CCC</generatorID>
<ownerDesignName>HDB-COMPUNET</ownerDesignName>
<engineerTo>
<item key="EF59AA19-8F8A-9D0A-E3EB-4FAE617C96E1" value="true"/>
</engineerTo>
<sourcePk>B2638318-E7CD-6EC0-8DD9-BB990942CF4C</sourcePk>
<identifying>false</identifying>
<optionalSource>true</optionalSource>
<optionalTarget>false</optionalTarget>
<sourceCardinality>1</sourceCardinality>
<sourceEntity>7C75FF19-0F92-65FD-4DCF-93050FB54A07</sourceEntity>
<targetCardinalityString>*</targetCardinalityString>
<targetEntity>64359EF7-B999-CB62-5110-BA39331A3ADD</targetEntity>
<transferable>true</transferable>
<deleteRule>NO ACTION</deleteRule>
</Relation>