<?xml version = '1.0' encoding = 'UTF-8'?>
<Relation class="oracle.dbtools.crest.model.design.logical.Relation" name="INVOICE_DETAILS_INVOICE_DETAIL_FK" directorySegmentName="seg_0" id="44D4E11F-7DD2-C830-F9BD-9C8C71F4A9EE">
<createdBy>luism</createdBy>
<createdTime>2025-02-16 18:30:54 UTC</createdTime>
<generatorID>4E28D10B-21C5-2B17-523C-46A61EFE3287</generatorID>
<ownerDesignName>HDB-COMPUNET</ownerDesignName>
<engineerTo>
<item key="EF59AA19-8F8A-9D0A-E3EB-4FAE617C96E1" value="true"/>
</engineerTo>
<sourcePk>7BFA0B3D-F60E-CE5D-63C4-A0B9E1FDC4E6</sourcePk>
<identifying>false</identifying>
<optionalSource>true</optionalSource>
<optionalTarget>false</optionalTarget>
<sourceCardinality>1</sourceCardinality>
<sourceEntity>4E42B227-AF40-3A3D-125D-9FA4B87C5664</sourceEntity>
<targetCardinalityString>*</targetCardinalityString>
<targetEntity>66D85866-2A68-14BA-26DF-AED3469B7334</targetEntity>
<transferable>true</transferable>
<deleteRule>NO ACTION</deleteRule>
</Relation>