<?xml version = '1.0' encoding = 'UTF-8'?>
<Relation class="oracle.dbtools.crest.model.design.logical.Relation" name="CLINICAL_HISTORY_DIAGNOSIS_DIAGNOSIS_FK" directorySegmentName="seg_0" id="54B0AE1B-3F58-BB7C-037C-0E39E4453037">
<createdBy>luism</createdBy>
<createdTime>2025-02-16 18:30:54 UTC</createdTime>
<generatorID>D25E8A97-FE50-8A51-9A8D-9E86E736E294</generatorID>
<ownerDesignName>HDB-COMPUNET</ownerDesignName>
<engineerTo>
<item key="EF59AA19-8F8A-9D0A-E3EB-4FAE617C96E1" value="true"/>
</engineerTo>
<sourcePk>644D9973-8B22-36AD-5A6D-DD4AEF3513EE</sourcePk>
<identifying>false</identifying>
<optionalSource>true</optionalSource>
<optionalTarget>false</optionalTarget>
<sourceCardinality>1</sourceCardinality>
<sourceEntity>20610132-46AB-A5CE-90E2-6BDEC3DBF282</sourceEntity>
<targetCardinalityString>*</targetCardinalityString>
<targetEntity>B6C8F109-6006-716D-FA91-F271F1502521</targetEntity>
<transferable>true</transferable>
<deleteRule>NO ACTION</deleteRule>
</Relation>