<?xml version = '1.0' encoding = 'UTF-8'?>
<Relation class="oracle.dbtools.crest.model.design.logical.Relation" name="REGISTER_CONTACT_EMERGENCY_PATIENT_FK" directorySegmentName="seg_0" id="55E4D019-6A2B-5BA0-1FF0-AEC61FCF9B0D">
<createdBy>luism</createdBy>
<createdTime>2025-02-16 18:30:54 UTC</createdTime>
<generatorID>0186D590-AECD-DB54-40FF-95BEB7E48F39</generatorID>
<ownerDesignName>HDB-COMPUNET</ownerDesignName>
<engineerTo>
<item key="EF59AA19-8F8A-9D0A-E3EB-4FAE617C96E1" value="true"/>
</engineerTo>
<sourcePk>8BBF0CEC-B21D-3E7A-29E9-3E136E73302D</sourcePk>
<identifying>false</identifying>
<optionalSource>true</optionalSource>
<optionalTarget>false</optionalTarget>
<sourceCardinality>1</sourceCardinality>
<sourceEntity>64359EF7-B999-CB62-5110-BA39331A3ADD</sourceEntity>
<targetCardinalityString>*</targetCardinalityString>
<targetEntity>3B8ACA34-3B33-5E62-A422-B35A0AB668CB</targetEntity>
<transferable>true</transferable>
<deleteRule>NO ACTION</deleteRule>
</Relation>