<?xml version = '1.0' encoding = 'UTF-8'?>
<Relation class="oracle.dbtools.crest.model.design.logical.Relation" name="STAFF_SPECIALITIES_SPECIALITY_FK" directorySegmentName="seg_0" id="598799CA-1D10-6531-759B-8EA518731ECB">
<createdBy>luism</createdBy>
<createdTime>2025-02-16 18:30:54 UTC</createdTime>
<generatorID>3F97C1BA-E8D9-4658-F6FC-647F817ACACF</generatorID>
<ownerDesignName>HDB-COMPUNET</ownerDesignName>
<engineerTo>
<item key="EF59AA19-8F8A-9D0A-E3EB-4FAE617C96E1" value="true"/>
</engineerTo>
<sourcePk>D38DB933-42AC-944B-2C0A-94C0EBBC7A3B</sourcePk>
<identifying>false</identifying>
<optionalSource>true</optionalSource>
<optionalTarget>false</optionalTarget>
<sourceCardinality>1</sourceCardinality>
<sourceEntity>0FFF5FDF-9B95-9743-F8FA-F7864F7AFD6C</sourceEntity>
<targetCardinalityString>*</targetCardinalityString>
<targetEntity>C994ADBA-451A-B407-39E8-6C854D63FF50</targetEntity>
<transferable>true</transferable>
<deleteRule>NO ACTION</deleteRule>
</Relation>