<?xml version = '1.0' encoding = 'UTF-8'?>
<Relation class="oracle.dbtools.crest.model.design.logical.Relation" name="CLINICAL_HISTORY_DIAGNOSIS_CLINICAL_HISTORY_FK" directorySegmentName="seg_0" id="5B4936DD-7941-F7D5-CACE-541A4C0E60AF">
<createdBy>luism</createdBy>
<createdTime>2025-02-16 18:30:54 UTC</createdTime>
<generatorID>440AA1E1-DC13-BEBF-C646-064EEF80C043</generatorID>
<ownerDesignName>HDB-COMPUNET</ownerDesignName>
<engineerTo>
<item key="EF59AA19-8F8A-9D0A-E3EB-4FAE617C96E1" value="true"/>
</engineerTo>
<sourcePk>0478DD41-8C33-ECC9-B29D-F3EAC41CAE27</sourcePk>
<identifying>false</identifying>
<optionalSource>true</optionalSource>
<optionalTarget>false</optionalTarget>
<sourceCardinality>1</sourceCardinality>
<sourceEntity>785925AC-81FA-BF90-ED19-298FEF3694B8</sourceEntity>
<targetCardinalityString>*</targetCardinalityString>
<targetEntity>B6C8F109-6006-716D-FA91-F271F1502521</targetEntity>
<transferable>true</transferable>
<deleteRule>NO ACTION</deleteRule>
</Relation>