<?xml version = '1.0' encoding = 'UTF-8'?>
<Relation class="oracle.dbtools.crest.model.design.logical.Relation" name="STAFF_EXAM_STAFF_FK" directorySegmentName="seg_0" id="5D24988C-51EF-03E4-9E3D-3EDD7A5BEBB5">
<createdBy>luism</createdBy>
<createdTime>2025-02-16 18:30:54 UTC</createdTime>
<generatorID>2217E389-FC99-0813-A90F-9279E5A6EA73</generatorID>
<ownerDesignName>HDB-COMPUNET</ownerDesignName>
<engineerTo>
<item key="EF59AA19-8F8A-9D0A-E3EB-4FAE617C96E1" value="true"/>
</engineerTo>
<sourcePk>3F35C95C-E6E1-1FD7-A74D-A911112C0D9B</sourcePk>
<identifying>false</identifying>
<optionalSource>true</optionalSource>
<optionalTarget>false</optionalTarget>
<sourceCardinality>1</sourceCardinality>
<sourceEntity>B859C678-3E75-FE01-15EA-2F89D5F79E46</sourceEntity>
<targetCardinalityString>*</targetCardinalityString>
<targetEntity>6886F1C2-9695-ED1C-F460-0A4C83C87E3E</targetEntity>
<transferable>true</transferable>
<deleteRule>NO ACTION</deleteRule>
</Relation>