<?xml version = '1.0' encoding = 'UTF-8'?>
<Relation class="oracle.dbtools.crest.model.design.logical.Relation" name="STAFF_AVAILABILITY_STAFF_FK" directorySegmentName="seg_0" id="6262FC4C-A97C-5CB6-0965-FD80068B257B">
<createdBy>luism</createdBy>
<createdTime>2025-02-16 18:30:54 UTC</createdTime>
<generatorID>EBA92B43-4A17-6490-E746-42AFD98E1C29</generatorID>
<ownerDesignName>HDB-COMPUNET</ownerDesignName>
<engineerTo>
<item key="EF59AA19-8F8A-9D0A-E3EB-4FAE617C96E1" value="true"/>
</engineerTo>
<sourcePk>3F35C95C-E6E1-1FD7-A74D-A911112C0D9B</sourcePk>
<identifying>false</identifying>
<optionalSource>true</optionalSource>
<optionalTarget>false</optionalTarget>
<sourceCardinality>1</sourceCardinality>
<sourceEntity>B859C678-3E75-FE01-15EA-2F89D5F79E46</sourceEntity>
<targetCardinalityString>*</targetCardinalityString>
<targetEntity>767A2033-4E25-4FC6-339C-E60057E788B4</targetEntity>
<transferable>true</transferable>
<deleteRule>NO ACTION</deleteRule>
</Relation>