<?xml version = '1.0' encoding = 'UTF-8'?>
<Relation class="oracle.dbtools.crest.model.design.logical.Relation" name="APPOINTMENT_STAFF_FK" directorySegmentName="seg_0" id="62934E1E-3BC8-2DA7-F0BC-3A211CF6CE89">
<createdBy>luism</createdBy>
<createdTime>2025-02-16 18:30:54 UTC</createdTime>
<generatorID>5C7E565F-161B-2050-96A3-1D60298951F6</generatorID>
<ownerDesignName>HDB-COMPUNET</ownerDesignName>
<engineerTo>
<item key="EF59AA19-8F8A-9D0A-E3EB-4FAE617C96E1" value="true"/>
</engineerTo>
<sourcePk>3F35C95C-E6E1-1FD7-A74D-A911112C0D9B</sourcePk>
<identifying>false</identifying>
<optionalSource>true</optionalSource>
<optionalTarget>false</optionalTarget>
<sourceCardinality>1</sourceCardinality>
<sourceEntity>B859C678-3E75-FE01-15EA-2F89D5F79E46</sourceEntity>
<targetCardinalityString>*</targetCardinalityString>
<targetEntity>DEBAF585-D2B7-F132-632B-C77E2C3FBB47</targetEntity>
<transferable>true</transferable>
<deleteRule>NO ACTION</deleteRule>
</Relation>