<?xml version = '1.0' encoding = 'UTF-8'?>
<Relation class="oracle.dbtools.crest.model.design.logical.Relation" name="REGISTER_CONTACT_EMERGENCY_EMERGENCY CONTACT_FK" directorySegmentName="seg_0" id="657BF544-B944-7A46-96AF-70FF725825DD">
<createdBy>luism</createdBy>
<createdTime>2025-02-16 18:30:54 UTC</createdTime>
<generatorID>40CEB241-18EF-0DB8-DBF1-7FDE496F5633</generatorID>
<ownerDesignName>HDB-COMPUNET</ownerDesignName>
<engineerTo>
<item key="EF59AA19-8F8A-9D0A-E3EB-4FAE617C96E1" value="true"/>
</engineerTo>
<sourcePk>92E872C6-6E2B-BFC3-6667-621771DBF2FB</sourcePk>
<identifying>false</identifying>
<optionalSource>true</optionalSource>
<optionalTarget>false</optionalTarget>
<sourceCardinality>1</sourceCardinality>
<sourceEntity>0F2B2F7B-3E55-FCC5-0BDA-78FBF94143A9</sourceEntity>
<targetCardinalityString>*</targetCardinalityString>
<targetEntity>3B8ACA34-3B33-5E62-A422-B35A0AB668CB</targetEntity>
<transferable>true</transferable>
<deleteRule>NO ACTION</deleteRule>
</Relation>