<?xml version = '1.0' encoding = 'UTF-8'?>
<Relation class="oracle.dbtools.crest.model.design.logical.Relation" name="PATIENT_CLINICAL_HISTORY_CLINICAL_HISTORY_FK" directorySegmentName="seg_0" id="68D2CB86-C998-D022-8251-0A6AC8C8F6DA">
<createdBy>luism</createdBy>
<createdTime>2025-02-16 18:30:54 UTC</createdTime>
<generatorID>102FCFA2-2616-AA77-1A31-C7A35BF9A141</generatorID>
<ownerDesignName>HDB-COMPUNET</ownerDesignName>
<engineerTo>
<item key="EF59AA19-8F8A-9D0A-E3EB-4FAE617C96E1" value="true"/>
</engineerTo>
<sourcePk>0478DD41-8C33-ECC9-B29D-F3EAC41CAE27</sourcePk>
<identifying>false</identifying>
<optionalSource>true</optionalSource>
<optionalTarget>false</optionalTarget>
<sourceCardinality>1</sourceCardinality>
<sourceEntity>785925AC-81FA-BF90-ED19-298FEF3694B8</sourceEntity>
<targetCardinalityString>*</targetCardinalityString>
<targetEntity>7BC613D5-0907-EDD4-AD48-70CFFA9B6961</targetEntity>
<transferable>true</transferable>
<deleteRule>NO ACTION</deleteRule>
</Relation>