<?xml version = '1.0' encoding = 'UTF-8'?>
<Relation class="oracle.dbtools.crest.model.design.logical.Relation" name="TREATMENT_DIAGNOSIS_FK" directorySegmentName="seg_0" id="7239AB08-C768-DECD-0E27-6CD177DECA20">
<createdBy>luism</createdBy>
<createdTime>2025-02-16 18:30:54 UTC</createdTime>
<generatorID>30AF170B-45B3-3CE9-240C-2AFD155CB759</generatorID>
<ownerDesignName>HDB-COMPUNET</ownerDesignName>
<engineerTo>
<item key="EF59AA19-8F8A-9D0A-E3EB-4FAE617C96E1" value="true"/>
</engineerTo>
<sourcePk>644D9973-8B22-36AD-5A6D-DD4AEF3513EE</sourcePk>
<identifying>false</identifying>
<optionalSource>true</optionalSource>
<optionalTarget>false</optionalTarget>
<sourceCardinality>1</sourceCardinality>
<sourceEntity>20610132-46AB-A5CE-90E2-6BDEC3DBF282</sourceEntity>
<targetCardinalityString>*</targetCardinalityString>
<targetEntity>E304315D-9858-96F8-6B1D-B88D87F0C240</targetEntity>
<transferable>true</transferable>
<deleteRule>NO ACTION</deleteRule>
</Relation>