<?xml version = '1.0' encoding = 'UTF-8'?>
<Relation class="oracle.dbtools.crest.model.design.logical.Relation" name="STAFF_TYPES_STAFF_TYPE_FK" directorySegmentName="seg_0" id="739631E6-9CC4-2BD1-7374-8865A1E8DD28">
<createdBy>luism</createdBy>
<createdTime>2025-02-16 18:30:54 UTC</createdTime>
<generatorID>59C38708-E77E-4D53-0A67-4D15566940F3</generatorID>
<ownerDesignName>HDB-COMPUNET</ownerDesignName>
<engineerTo>
<item key="EF59AA19-8F8A-9D0A-E3EB-4FAE617C96E1" value="true"/>
</engineerTo>
<sourcePk>B4016053-57FD-138B-2E76-2515A113500B</sourcePk>
<identifying>false</identifying>
<optionalSource>true</optionalSource>
<optionalTarget>false</optionalTarget>
<sourceCardinality>1</sourceCardinality>
<sourceEntity>BC8AE477-BB14-0BBA-69AE-FA0DF15F219D</sourceEntity>
<targetCardinalityString>*</targetCardinalityString>
<targetEntity>34E4DF47-F486-5EAB-DCC5-ADC4F123AB60</targetEntity>
<transferable>true</transferable>
<deleteRule>NO ACTION</deleteRule>
</Relation>