<?xml version = '1.0' encoding = 'UTF-8'?>
<Relation class="oracle.dbtools.crest.model.design.logical.Relation" name="USER_ROLE_USER_FK" directorySegmentName="seg_0" id="84B03576-1C75-946E-AD9D-784A261C3453">
<createdBy>luism</createdBy>
<createdTime>2025-02-16 18:30:54 UTC</createdTime>
<generatorID>4CDD4452-ECA3-4113-806E-A50C7281CD98</generatorID>
<ownerDesignName>HDB-COMPUNET</ownerDesignName>
<engineerTo>
<item key="EF59AA19-8F8A-9D0A-E3EB-4FAE617C96E1" value="true"/>
</engineerTo>
<sourcePk>FD91856F-A1F9-816D-B63B-72E853484F09</sourcePk>
<identifying>false</identifying>
<optionalSource>true</optionalSource>
<optionalTarget>false</optionalTarget>
<sourceCardinality>1</sourceCardinality>
<sourceEntity>D8D5A580-83A3-F4DF-DA97-C4C7B72007A7</sourceEntity>
<targetCardinalityString>*</targetCardinalityString>
<targetEntity>9FA071E3-143B-3265-DE32-A54EC1F1D5FE</targetEntity>
<transferable>true</transferable>
<deleteRule>NO ACTION</deleteRule>
</Relation>