<?xml version = '1.0' encoding = 'UTF-8'?>
<Relation class="oracle.dbtools.crest.model.design.logical.Relation" name="PATIENT_EPS_FK" directorySegmentName="seg_0" id="8E66C12E-F25A-4691-FA4F-DEE6BD794365">
<createdBy>luism</createdBy>
<createdTime>2025-02-16 18:30:54 UTC</createdTime>
<generatorID>F8313B4D-0ED4-916B-F14C-51194D3C554C</generatorID>
<ownerDesignName>HDB-COMPUNET</ownerDesignName>
<engineerTo>
<item key="EF59AA19-8F8A-9D0A-E3EB-4FAE617C96E1" value="true"/>
</engineerTo>
<sourcePk>8BF5310F-6289-5038-8A76-4A2149B2C597</sourcePk>
<identifying>false</identifying>
<optionalSource>true</optionalSource>
<optionalTarget>false</optionalTarget>
<sourceCardinality>1</sourceCardinality>
<sourceEntity>D4B4DACD-2A1C-53B2-2DFE-6F8802D2F795</sourceEntity>
<targetCardinalityString>*</targetCardinalityString>
<targetEntity>64359EF7-B999-CB62-5110-BA39331A3ADD</targetEntity>
<transferable>true</transferable>
<deleteRule>NO ACTION</deleteRule>
</Relation>