<?xml version = '1.0' encoding = 'UTF-8'?>
<Relation class="oracle.dbtools.crest.model.design.logical.Relation" name="PATIENT_CLINICAL_HISTORY_PATIENT_FK" directorySegmentName="seg_0" id="9C5895E7-FE5E-A6E5-CFB9-4A3C7EF67AF7">
<createdBy>luism</createdBy>
<createdTime>2025-02-16 18:30:54 UTC</createdTime>
<generatorID>5196CCFE-5CD3-04D1-5A49-1833CCEE094A</generatorID>
<ownerDesignName>HDB-COMPUNET</ownerDesignName>
<engineerTo>
<item key="EF59AA19-8F8A-9D0A-E3EB-4FAE617C96E1" value="true"/>
</engineerTo>
<sourcePk>8BBF0CEC-B21D-3E7A-29E9-3E136E73302D</sourcePk>
<identifying>false</identifying>
<optionalSource>true</optionalSource>
<optionalTarget>false</optionalTarget>
<sourceCardinality>1</sourceCardinality>
<sourceEntity>64359EF7-B999-CB62-5110-BA39331A3ADD</sourceEntity>
<targetCardinalityString>*</targetCardinalityString>
<targetEntity>7BC613D5-0907-EDD4-AD48-70CFFA9B6961</targetEntity>
<transferable>true</transferable>
<deleteRule>NO ACTION</deleteRule>
</Relation>