<?xml version = '1.0' encoding = 'UTF-8'?>
<Relation class="oracle.dbtools.crest.model.design.logical.Relation" name="PATIENT_CITY_FK" directorySegmentName="seg_0" id="A0769C22-E2B0-9551-AE4B-D49F83351098">
<createdBy>luism</createdBy>
<createdTime>2025-02-16 18:30:54 UTC</createdTime>
<generatorID>3662D788-D47B-0E7D-3FC0-6484A0408ACD</generatorID>
<ownerDesignName>HDB-COMPUNET</ownerDesignName>
<engineerTo>
<item key="EF59AA19-8F8A-9D0A-E3EB-4FAE617C96E1" value="true"/>
</engineerTo>
<sourcePk>34BD1EC5-E720-D8ED-6439-4762632D3990</sourcePk>
<identifying>false</identifying>
<optionalSource>true</optionalSource>
<optionalTarget>false</optionalTarget>
<sourceCardinality>1</sourceCardinality>
<sourceEntity>FEFCE380-1D10-D200-0FB7-D4B65AA5032F</sourceEntity>
<targetCardinalityString>*</targetCardinalityString>
<targetEntity>64359EF7-B999-CB62-5110-BA39331A3ADD</targetEntity>
<transferable>true</transferable>
<deleteRule>NO ACTION</deleteRule>
</Relation>