<?xml version = '1.0' encoding = 'UTF-8'?>
<Relation class="oracle.dbtools.crest.model.design.logical.Relation" name="STAFF_COUNTRY_FK" directorySegmentName="seg_0" id="B5FE4134-17C6-2C88-A45B-F5F8CC464505">
<createdBy>luism</createdBy>
<createdTime>2025-02-16 18:30:54 UTC</createdTime>
<generatorID>080360E9-16A3-6410-51A1-6AD839632303</generatorID>
<ownerDesignName>HDB-COMPUNET</ownerDesignName>
<engineerTo>
<item key="EF59AA19-8F8A-9D0A-E3EB-4FAE617C96E1" value="true"/>
</engineerTo>
<sourcePk>B2638318-E7CD-6EC0-8DD9-BB990942CF4C</sourcePk>
<identifying>false</identifying>
<optionalSource>true</optionalSource>
<optionalTarget>false</optionalTarget>
<sourceCardinality>1</sourceCardinality>
<sourceEntity>7C75FF19-0F92-65FD-4DCF-93050FB54A07</sourceEntity>
<targetCardinalityString>*</targetCardinalityString>
<targetEntity>B859C678-3E75-FE01-15EA-2F89D5F79E46</targetEntity>
<transferable>true</transferable>
<deleteRule>NO ACTION</deleteRule>
</Relation>