<?xml version = '1.0' encoding = 'UTF-8'?>
<Relation class="oracle.dbtools.crest.model.design.logical.Relation" name="APPOINTMENT_PATIENT_FK" directorySegmentName="seg_0" id="BC45EA61-2636-8664-505B-553705D3875D">
<createdBy>luism</createdBy>
<createdTime>2025-02-16 18:30:54 UTC</createdTime>
<generatorID>78EDAC95-8591-1E3A-2A8A-3E5159796983</generatorID>
<ownerDesignName>HDB-COMPUNET</ownerDesignName>
<engineerTo>
<item key="EF59AA19-8F8A-9D0A-E3EB-4FAE617C96E1" value="true"/>
</engineerTo>
<sourcePk>8BBF0CEC-B21D-3E7A-29E9-3E136E73302D</sourcePk>
<identifying>false</identifying>
<optionalSource>true</optionalSource>
<optionalTarget>false</optionalTarget>
<sourceCardinality>1</sourceCardinality>
<sourceEntity>64359EF7-B999-CB62-5110-BA39331A3ADD</sourceEntity>
<targetCardinalityString>*</targetCardinalityString>
<targetEntity>DEBAF585-D2B7-F132-632B-C77E2C3FBB47</targetEntity>
<transferable>true</transferable>
<deleteRule>NO ACTION</deleteRule>
</Relation>