<?xml version = '1.0' encoding = 'UTF-8'?>
<Relation class="oracle.dbtools.crest.model.design.logical.Relation" name="STAFF_SPECIALITIES_STAFF_FK" directorySegmentName="seg_0" id="BF3F9835-E63B-EFF6-0619-D65379005224">
<createdBy>luism</createdBy>
<createdTime>2025-02-16 18:30:54 UTC</createdTime>
<generatorID>D9D11A05-0BD7-7849-029F-E49B6105B86C</generatorID>
<ownerDesignName>HDB-COMPUNET</ownerDesignName>
<engineerTo>
<item key="EF59AA19-8F8A-9D0A-E3EB-4FAE617C96E1" value="true"/>
</engineerTo>
<sourcePk>3F35C95C-E6E1-1FD7-A74D-A911112C0D9B</sourcePk>
<identifying>false</identifying>
<optionalSource>true</optionalSource>
<optionalTarget>false</optionalTarget>
<sourceCardinality>1</sourceCardinality>
<sourceEntity>B859C678-3E75-FE01-15EA-2F89D5F79E46</sourceEntity>
<targetCardinalityString>*</targetCardinalityString>
<targetEntity>C994ADBA-451A-B407-39E8-6C854D63FF50</targetEntity>
<transferable>true</transferable>
<deleteRule>NO ACTION</deleteRule>
</Relation>