<?xml version = '1.0' encoding = 'UTF-8'?>
<Relation class="oracle.dbtools.crest.model.design.logical.Relation" name="CLINICAL_HISTORY_STAFF_FK" directorySegmentName="seg_0" id="CA31D48D-E0C3-7854-6B9B-F0D44CA883F0">
<createdBy>luism</createdBy>
<createdTime>2025-02-16 18:30:54 UTC</createdTime>
<generatorID>7E840F7F-EC1D-4635-150D-E6411E69F355</generatorID>
<ownerDesignName>HDB-COMPUNET</ownerDesignName>
<engineerTo>
<item key="EF59AA19-8F8A-9D0A-E3EB-4FAE617C96E1" value="true"/>
</engineerTo>
<sourcePk>3F35C95C-E6E1-1FD7-A74D-A911112C0D9B</sourcePk>
<identifying>false</identifying>
<optionalSource>true</optionalSource>
<optionalTarget>false</optionalTarget>
<sourceCardinality>1</sourceCardinality>
<sourceEntity>B859C678-3E75-FE01-15EA-2F89D5F79E46</sourceEntity>
<targetCardinalityString>*</targetCardinalityString>
<targetEntity>785925AC-81FA-BF90-ED19-298FEF3694B8</targetEntity>
<transferable>true</transferable>
<deleteRule>NO ACTION</deleteRule>
</Relation>