<?xml version = '1.0' encoding = 'UTF-8'?>
<Relation class="oracle.dbtools.crest.model.design.logical.Relation" name="TREATMENT_TREATMENT_RISK_FK" directorySegmentName="seg_0" id="D106CDE8-A0CD-DDCC-080D-8A57AFC171C0">
<createdBy>luism</createdBy>
<createdTime>2025-02-16 18:30:54 UTC</createdTime>
<generatorID>D4538E42-69D8-E848-62F7-5C561FEA11E9</generatorID>
<ownerDesignName>HDB-COMPUNET</ownerDesignName>
<engineerTo>
<item key="EF59AA19-8F8A-9D0A-E3EB-4FAE617C96E1" value="true"/>
</engineerTo>
<sourcePk>805ECF37-D3BA-C32D-69D8-9EECDBA10092</sourcePk>
<identifying>false</identifying>
<optionalSource>true</optionalSource>
<optionalTarget>false</optionalTarget>
<sourceCardinality>1</sourceCardinality>
<sourceEntity>46589AB7-6D26-3213-970D-B5146A332363</sourceEntity>
<targetCardinalityString>*</targetCardinalityString>
<targetEntity>E304315D-9858-96F8-6B1D-B88D87F0C240</targetEntity>
<transferable>true</transferable>
<deleteRule>NO ACTION</deleteRule>
</Relation>