<?xml version = '1.0' encoding = 'UTF-8'?>
<Relation class="oracle.dbtools.crest.model.design.logical.Relation" name="STAFF_EXAM_EXAM_FK" directorySegmentName="seg_0" id="D1C2659D-6FF2-E11D-D2C3-305B3253F60A">
<createdBy>luism</createdBy>
<createdTime>2025-02-16 18:30:54 UTC</createdTime>
<generatorID>21B903EB-E948-C2E6-C265-7F5FF6BC98C3</generatorID>
<ownerDesignName>HDB-COMPUNET</ownerDesignName>
<engineerTo>
<item key="EF59AA19-8F8A-9D0A-E3EB-4FAE617C96E1" value="true"/>
</engineerTo>
<sourcePk>8880D1FF-6636-D46A-C1D4-17C6AF61F86B</sourcePk>
<identifying>false</identifying>
<optionalSource>true</optionalSource>
<optionalTarget>false</optionalTarget>
<sourceCardinality>1</sourceCardinality>
<sourceEntity>C14EF390-F82E-4299-A4CD-045D801F4591</sourceEntity>
<targetCardinalityString>*</targetCardinalityString>
<targetEntity>6886F1C2-9695-ED1C-F460-0A4C83C87E3E</targetEntity>
<transferable>true</transferable>
<deleteRule>NO ACTION</deleteRule>
</Relation>