<?xml version = '1.0' encoding = 'UTF-8'?>
<Relation class="oracle.dbtools.crest.model.design.logical.Relation" name="EXAM_EXAM_TYPE_FK" directorySegmentName="seg_0" id="DE12D2E1-5432-4E46-1C9D-2F8900BEBF49">
<createdBy>luism</createdBy>
<createdTime>2025-02-16 18:30:54 UTC</createdTime>
<generatorID>6F77DA14-E40A-9F83-5331-A8B04357E971</generatorID>
<ownerDesignName>HDB-COMPUNET</ownerDesignName>
<engineerTo>
<item key="EF59AA19-8F8A-9D0A-E3EB-4FAE617C96E1" value="true"/>
</engineerTo>
<sourcePk>01C0BAE3-70C9-C958-2BA5-9C5C1FED5E9F</sourcePk>
<identifying>false</identifying>
<optionalSource>true</optionalSource>
<optionalTarget>false</optionalTarget>
<sourceCardinality>1</sourceCardinality>
<sourceEntity>382D82E6-CF26-E13D-62AB-AB1F9CB5BF9E</sourceEntity>
<targetCardinalityString>*</targetCardinalityString>
<targetEntity>C14EF390-F82E-4299-A4CD-045D801F4591</targetEntity>
<transferable>true</transferable>
<deleteRule>NO ACTION</deleteRule>
</Relation>