<?xml version = '1.0' encoding = 'UTF-8'?>
<Relation class="oracle.dbtools.crest.model.design.logical.Relation" name="APPOINTMENT_APPOINTMENT_TYPE_FK" directorySegmentName="seg_0" id="E1E8A42C-E1F3-5878-6BF3-402B8503BFC8">
<createdBy>luism</createdBy>
<createdTime>2025-02-16 18:30:54 UTC</createdTime>
<generatorID>C0407828-9FC1-7385-7425-BC551DC0427E</generatorID>
<ownerDesignName>HDB-COMPUNET</ownerDesignName>
<engineerTo>
<item key="EF59AA19-8F8A-9D0A-E3EB-4FAE617C96E1" value="true"/>
</engineerTo>
<sourcePk>8ADFD69B-A779-9CA9-6379-DB7124136E3D</sourcePk>
<identifying>false</identifying>
<optionalSource>true</optionalSource>
<optionalTarget>false</optionalTarget>
<sourceCardinality>1</sourceCardinality>
<sourceEntity>42972D61-D90D-0DBB-A85E-64CEA1487E92</sourceEntity>
<targetCardinalityString>*</targetCardinalityString>
<targetEntity>DEBAF585-D2B7-F132-632B-C77E2C3FBB47</targetEntity>
<transferable>true</transferable>
<deleteRule>NO ACTION</deleteRule>
</Relation>