<?xml version = '1.0' encoding = 'UTF-8'?>
<Relation class="oracle.dbtools.crest.model.design.logical.Relation" name="USER_ROLE_ROLE_FK" directorySegmentName="seg_0" id="E873CEA5-D06B-B471-B023-A1DB1300C2C3">
<createdBy>luism</createdBy>
<createdTime>2025-02-16 18:30:54 UTC</createdTime>
<generatorID>76C23B55-7780-82EB-761E-8A63797EE394</generatorID>
<ownerDesignName>HDB-COMPUNET</ownerDesignName>
<engineerTo>
<item key="EF59AA19-8F8A-9D0A-E3EB-4FAE617C96E1" value="true"/>
</engineerTo>
<sourcePk>BC0C3236-C642-4532-C74D-8B7A2C6A23F0</sourcePk>
<identifying>false</identifying>
<optionalSource>true</optionalSource>
<optionalTarget>false</optionalTarget>
<sourceCardinality>1</sourceCardinality>
<sourceEntity>95EB58E9-0587-B5E2-83D4-039C65208FFE</sourceEntity>
<targetCardinalityString>*</targetCardinalityString>
<targetEntity>9FA071E3-143B-3265-DE32-A54EC1F1D5FE</targetEntity>
<transferable>true</transferable>
<deleteRule>NO ACTION</deleteRule>
</Relation>