<?xml version = '1.0' encoding = 'UTF-8'?>
<Relation class="oracle.dbtools.crest.model.design.logical.Relation" name="STAFF_CITY_FK" directorySegmentName="seg_0" id="EBC26398-ECB5-33CB-C9A3-108EBFD12F0C">
<createdBy>luism</createdBy>
<createdTime>2025-02-16 18:30:54 UTC</createdTime>
<generatorID>7995268D-0E9B-8264-3F10-B22A57035268</generatorID>
<ownerDesignName>HDB-COMPUNET</ownerDesignName>
<engineerTo>
<item key="EF59AA19-8F8A-9D0A-E3EB-4FAE617C96E1" value="true"/>
</engineerTo>
<sourcePk>34BD1EC5-E720-D8ED-6439-4762632D3990</sourcePk>
<identifying>false</identifying>
<optionalSource>true</optionalSource>
<optionalTarget>false</optionalTarget>
<sourceCardinality>1</sourceCardinality>
<sourceEntity>FEFCE380-1D10-D200-0FB7-D4B65AA5032F</sourceEntity>
<targetCardinalityString>*</targetCardinalityString>
<targetEntity>B859C678-3E75-FE01-15EA-2F89D5F79E46</targetEntity>
<transferable>true</transferable>
<deleteRule>NO ACTION</deleteRule>
</Relation>