<?xml version = '1.0' encoding = 'UTF-8'?>
<Relation class="oracle.dbtools.crest.model.design.logical.Relation" name="EXAM_PATIENT_FK" directorySegmentName="seg_0" id="ECD45EC7-EC43-B750-ED4C-4EE268752E4D">
<createdBy>luism</createdBy>
<createdTime>2025-02-16 18:30:54 UTC</createdTime>
<generatorID>4C54A250-E1E5-C2B3-D849-173AF18633D6</generatorID>
<ownerDesignName>HDB-COMPUNET</ownerDesignName>
<engineerTo>
<item key="EF59AA19-8F8A-9D0A-E3EB-4FAE617C96E1" value="true"/>
</engineerTo>
<sourcePk>8BBF0CEC-B21D-3E7A-29E9-3E136E73302D</sourcePk>
<identifying>false</identifying>
<optionalSource>true</optionalSource>
<optionalTarget>false</optionalTarget>
<sourceCardinality>1</sourceCardinality>
<sourceEntity>64359EF7-B999-CB62-5110-BA39331A3ADD</sourceEntity>
<targetCardinalityString>*</targetCardinalityString>
<targetEntity>C14EF390-F82E-4299-A4CD-045D801F4591</targetEntity>
<transferable>true</transferable>
<deleteRule>NO ACTION</deleteRule>
</Relation>