<?xml version = '1.0' encoding = 'UTF-8'?>
<Entity class="oracle.dbtools.crest.model.design.logical.Entity" directorySegmentName="seg_0" id="42972D61-D90D-0DBB-A85E-64CEA1487E92" name="APPOINTMENT TYPE">
<createdBy>luism</createdBy>
<createdTime>2025-02-16 18:30:54 UTC</createdTime>
<generatorID>23551919-A0B9-6EDD-EA9A-FF1FC8F5B015</generatorID>
<ownerDesignName>HDB-COMPUNET</ownerDesignName>
<engineerTo>
<item key="EF59AA19-8F8A-9D0A-E3EB-4FAE617C96E1" value="true"/>
</engineerTo>
<adequatelyNormalized>NO</adequatelyNormalized>
<expectedVolumes>0</expectedVolumes>
<fwdEngineeringStrategyName>Single Table</fwdEngineeringStrategyName>
<growthPercent>0</growthPercent>
<growthType>Year</growthType>
<maxVolumes>9999999</maxVolumes>
<minVolumes>0</minVolumes>
<normalForm>Third</normalForm>
<attributes itemClass="oracle.dbtools.crest.model.design.logical.Attribute">
<Attribute name="id" id="CC00571B-F575-03DB-1BEA-E497F3F6ABB4">
<createdBy>luism</createdBy>
<createdTime>2025-02-16 18:30:54 UTC</createdTime>
<generatorID>92571D61-93A3-3869-11EF-DFA0F203CB75</generatorID>
<ownerDesignName>HDB-COMPUNET</ownerDesignName>
<engineerTo>
<item key="EF59AA19-8F8A-9D0A-E3EB-4FAE617C96E1" value="true"/>
</engineerTo>
<useDomainConstraints>false</useDomainConstraints>
<use>1</use>
<logicalDatatype>LOGDT024</logicalDatatype>
<dataTypeSize>50</dataTypeSize>
<ownDataTypeParameters>50,,</ownDataTypeParameters>
</Attribute>
<Attribute name="name" id="83143768-E9F5-95F6-F2F0-37D5CDFD78C7">
<createdBy>luism</createdBy>
<createdTime>2025-02-16 18:30:54 UTC</createdTime>
<generatorID>85ECF29F-8D1E-8A00-BBA2-321E390FB082</generatorID>
<ownerDesignName>HDB-COMPUNET</ownerDesignName>
<engineerTo>
<item key="EF59AA19-8F8A-9D0A-E3EB-4FAE617C96E1" value="true"/>
</engineerTo>
<useDomainConstraints>false</useDomainConstraints>
<use>1</use>
<logicalDatatype>LOGDT024</logicalDatatype>
<dataTypeSize>50</dataTypeSize>
<ownDataTypeParameters>50,,</ownDataTypeParameters>
</Attribute>
</attributes>
<identifiers itemClass="oracle.dbtools.crest.model.design.logical.CandidateKey">
<identifier id="8ADFD69B-A779-9CA9-6379-DB7124136E3D" name="APPOINTMENT TYPE PK">
<createdBy>luism</createdBy>
<createdTime>2025-02-16 18:30:54 UTC</createdTime>
<generatorID>75E856E2-CA1D-18F9-2C4B-8A57734E423C</generatorID>
<ownerDesignName>HDB-COMPUNET</ownerDesignName>
<engineerTo>
<item key="EF59AA19-8F8A-9D0A-E3EB-4FAE617C96E1" value="true"/>
</engineerTo>
<pk>true</pk>
<usedAttributes>
<attributeRef>CC00571B-F575-03DB-1BEA-E497F3F6ABB4</attributeRef>
</usedAttributes>
</identifier>
</identifiers>
</Entity>