<?xml version = '1.0' encoding = 'UTF-8'?>
<Entity class="oracle.dbtools.crest.model.design.logical.Entity" directorySegmentName="seg_0" id="8D2FB1EC-3F0C-77E5-3371-309128A9107B" name="LOCATION">
<createdBy>luism</createdBy>
<createdTime>2025-02-16 18:30:54 UTC</createdTime>
<generatorID>F4E96E82-EC09-116A-8332-C924B4376018</generatorID>
<ownerDesignName>HDB-COMPUNET</ownerDesignName>
<engineerTo>
<item key="EF59AA19-8F8A-9D0A-E3EB-4FAE617C96E1" value="true"/>
</engineerTo>
<adequatelyNormalized>NO</adequatelyNormalized>
<expectedVolumes>0</expectedVolumes>
<fwdEngineeringStrategyName>Single Table</fwdEngineeringStrategyName>
<growthPercent>0</growthPercent>
<growthType>Year</growthType>
<maxVolumes>9999999</maxVolumes>
<minVolumes>0</minVolumes>
<normalForm>Third</normalForm>
<attributes itemClass="oracle.dbtools.crest.model.design.logical.Attribute">
<Attribute name="id" id="F9802CBF-4FDF-0F15-BAA4-9C9FE89EEF99">
<createdBy>luism</createdBy>
<createdTime>2025-02-16 18:30:54 UTC</createdTime>
<generatorID>E7E39039-0EC3-4E6E-5B4E-DABD3627D647</generatorID>
<ownerDesignName>HDB-COMPUNET</ownerDesignName>
<engineerTo>
<item key="EF59AA19-8F8A-9D0A-E3EB-4FAE617C96E1" value="true"/>
</engineerTo>
<useDomainConstraints>false</useDomainConstraints>
<use>1</use>
<logicalDatatype>LOGDT024</logicalDatatype>
<dataTypeSize>50</dataTypeSize>
<ownDataTypeParameters>50,,</ownDataTypeParameters>
</Attribute>
<Attribute name="name" id="1EB0640A-7D14-B3BF-30E3-A9742EBFE9FC">
<createdBy>luism</createdBy>
<createdTime>2025-02-16 18:30:54 UTC</createdTime>
<generatorID>8C0FFECA-414C-0287-379A-82B0FCB11ECB</generatorID>
<ownerDesignName>HDB-COMPUNET</ownerDesignName>
<engineerTo>
<item key="EF59AA19-8F8A-9D0A-E3EB-4FAE617C96E1" value="true"/>
</engineerTo>
<useDomainConstraints>false</useDomainConstraints>
<use>1</use>
<logicalDatatype>LOGDT024</logicalDatatype>
<dataTypeSize>50</dataTypeSize>
<ownDataTypeParameters>50,,</ownDataTypeParameters>
</Attribute>
<Attribute name="address" id="CF2405E2-56AF-303A-90C6-760A7C833140">
<createdBy>luism</createdBy>
<createdTime>2025-02-16 18:30:54 UTC</createdTime>
<generatorID>5F7EF580-DE82-6E26-40B6-1D828061B4DD</generatorID>
<ownerDesignName>HDB-COMPUNET</ownerDesignName>
<engineerTo>
<item key="EF59AA19-8F8A-9D0A-E3EB-4FAE617C96E1" value="true"/>
</engineerTo>
<useDomainConstraints>false</useDomainConstraints>
<use>1</use>
<logicalDatatype>LOGDT024</logicalDatatype>
<dataTypeSize>50</dataTypeSize>
<ownDataTypeParameters>50,,</ownDataTypeParameters>
</Attribute>
</attributes>
<identifiers itemClass="oracle.dbtools.crest.model.design.logical.CandidateKey">
<identifier id="F14E3327-458F-B6D3-F426-AF705D541E1B" name="LOCATION PK">
<createdBy>luism</createdBy>
<createdTime>2025-02-16 18:30:54 UTC</createdTime>
<generatorID>541AFA92-13D6-8231-25C5-A8D50B44C6DB</generatorID>
<ownerDesignName>HDB-COMPUNET</ownerDesignName>
<engineerTo>
<item key="EF59AA19-8F8A-9D0A-E3EB-4FAE617C96E1" value="true"/>
</engineerTo>
<pk>true</pk>
<usedAttributes>
<attributeRef>F9802CBF-4FDF-0F15-BAA4-9C9FE89EEF99</attributeRef>
</usedAttributes>
</identifier>
</identifiers>
</Entity>