<?xml version = '1.0' encoding = 'UTF-8'?>
<Entity class="oracle.dbtools.crest.model.design.logical.Entity" directorySegmentName="seg_0" id="D4B4DACD-2A1C-53B2-2DFE-6F8802D2F795" name="EPS">
<createdBy>luism</createdBy>
<createdTime>2025-02-16 18:30:54 UTC</createdTime>
<generatorID>65D81BA0-A2A2-88E3-E5D9-A132065B58E6</generatorID>
<ownerDesignName>HDB-COMPUNET</ownerDesignName>
<engineerTo>
<item key="EF59AA19-8F8A-9D0A-E3EB-4FAE617C96E1" value="true"/>
</engineerTo>
<adequatelyNormalized>NO</adequatelyNormalized>
<expectedVolumes>0</expectedVolumes>
<fwdEngineeringStrategyName>Single Table</fwdEngineeringStrategyName>
<growthPercent>0</growthPercent>
<growthType>Year</growthType>
<maxVolumes>9999999</maxVolumes>
<minVolumes>0</minVolumes>
<normalForm>Third</normalForm>
<attributes itemClass="oracle.dbtools.crest.model.design.logical.Attribute">
<Attribute name="id" id="CBFB2720-DC6B-EA75-46F7-A7B2FDD1AC43">
<createdBy>luism</createdBy>
<createdTime>2025-02-16 18:30:54 UTC</createdTime>
<generatorID>79D54CB7-B35E-F039-9420-4BFD5430B631</generatorID>
<ownerDesignName>HDB-COMPUNET</ownerDesignName>
<engineerTo>
<item key="EF59AA19-8F8A-9D0A-E3EB-4FAE617C96E1" value="true"/>
</engineerTo>
<useDomainConstraints>false</useDomainConstraints>
<use>1</use>
<logicalDatatype>LOGDT024</logicalDatatype>
<dataTypeSize>30</dataTypeSize>
<ownDataTypeParameters>30,,</ownDataTypeParameters>
</Attribute>
<Attribute name="name" id="F502387B-7DF6-7547-5AB8-057D95A2891B">
<createdBy>luism</createdBy>
<createdTime>2025-02-16 18:30:54 UTC</createdTime>
<generatorID>1DB5DDFB-5AF1-891C-B077-16FF7CA8A0FC</generatorID>
<ownerDesignName>HDB-COMPUNET</ownerDesignName>
<engineerTo>
<item key="EF59AA19-8F8A-9D0A-E3EB-4FAE617C96E1" value="true"/>
</engineerTo>
<nullsAllowed>true</nullsAllowed>
<useDomainConstraints>false</useDomainConstraints>
<use>1</use>
<logicalDatatype>LOGDT024</logicalDatatype>
<dataTypeSize>50</dataTypeSize>
<ownDataTypeParameters>50,,</ownDataTypeParameters>
</Attribute>
</attributes>
<identifiers itemClass="oracle.dbtools.crest.model.design.logical.CandidateKey">
<identifier id="8BF5310F-6289-5038-8A76-4A2149B2C597" name="EPS PK">
<createdBy>luism</createdBy>
<createdTime>2025-02-16 18:30:54 UTC</createdTime>
<generatorID>6228256A-EFB0-FB1A-F107-2D3D56B00CD8</generatorID>
<ownerDesignName>HDB-COMPUNET</ownerDesignName>
<engineerTo>
<item key="EF59AA19-8F8A-9D0A-E3EB-4FAE617C96E1" value="true"/>
</engineerTo>
<pk>true</pk>
<usedAttributes>
<attributeRef>CBFB2720-DC6B-EA75-46F7-A7B2FDD1AC43</attributeRef>
</usedAttributes>
</identifier>
</identifiers>
</Entity>