<?xml version = '1.0' encoding = 'UTF-8'?>
<relationalModel class="oracle.dbtools.crest.model.design.relational.RelationalDesign" name="Relational_1" id="EF59AA19-8F8A-9D0A-E3EB-4FAE617C96E1" mainViewID="EEAA6ECE-7706-4B70-E42B-1A8E5E2B35F7">
<createdBy>luism</createdBy>
<createdTime>2025-02-16 17:15:15 UTC</createdTime>
<ownerDesignName>HDB-COMPUNET</ownerDesignName>
<shouldBeOpen>false</shouldBeOpen>
<selectedRDBMSSite>32076570-2523-435C-2E92-BF29817DFF70</selectedRDBMSSite>
</relationalModel>